ply
format ascii 1.0
element vertex 2326
property float x
property float y
property float z
property uchar red
property uchar green
property uchar blue
property float hue
property float value
property float chroma
property uchar is_clipped
element face 4640
property list uchar int vertex_indices
end_header
0.0 0.0 0.0 0 0 0 0.0 0.0 0.0 0
4.0 1.3333333333333333 0.0 35 0 20 0.0 0.3333333333333333 4.0 1
3.3230577791104263 1.3333333333333333 0.26153031909281643 32 1 19 4.5 0.3333333333333333 3.333333333333333 0
3.292294468650459 1.3333333333333333 0.5214482168007695 33 0 16 9.0 0.3333333333333333 3.333333333333333 0
3.2412330679922547 1.3333333333333333 0.7781512128530179 34 0 12 13.5 0.3333333333333333 3.333333333333333 0
3.1701883876505117 1.3333333333333333 1.0300566479164912 34 0 12 18.0 0.3333333333333333 3.333333333333333 0
3.079598441704289 1.3333333333333333 1.275611441216966 34 0 12 22.5 0.3333333333333333 3.333333333333333 0
2.970021747294559 1.3333333333333333 1.5133016657984888 35 0 7 27.0 0.3333333333333333 3.3333333333333326 0
2.8421338811803074 1.3333333333333333 1.7416618823864958 36 0 3 31.5 0.3333333333333333 3.333333333333333 0
2.6967233145831577 1.3333333333333333 1.9592841743082436 36 0 3 36.0 0.3333333333333333 3.333333333333333 0
2.027749241600082 1.3333333333333333 1.731861462213823 33 2 3 40.5 0.3333333333333333 2.6666666666666665 0
1.8856180831641267 1.3333333333333333 1.8856180831641267 33 2 0 45.0 0.3333333333333333 2.6666666666666665 1
0.8659307311069115 1.3333333333333333 1.013874620800041 26 7 3 49.5 0.3333333333333333 1.3333333333333333 0
0.7837136697232975 1.3333333333333333 1.0786893258332633 26 7 0 54.0 0.3333333333333333 1.3333333333333333 0
0.34833237647729925 1.3333333333333333 0.5684267762360614 20 10 4 58.5 0.3333333333333333 0.6666666666666666 0
0.30266033315969787 1.3333333333333333 0.5940043494589118 20 10 4 63.0 0.3333333333333333 0.6666666666666666 0
0.2551222882433932 1.3333333333333333 0.6159196883408578 20 10 4 67.5 0.3333333333333333 0.6666666666666666 0
0.2060113295832983 1.3333333333333333 0.6340376775301023 19 11 3 72.0 0.3333333333333333 0.6666666666666666 0
0.15563024257060365 1.3333333333333333 0.648246613598451 18 11 2 76.5 0.3333333333333333 0.6666666666666666 0
0.10428964336015395 1.3333333333333333 0.6584588937300918 18 11 2 81.0 0.3333333333333333 0.6666666666666666 0
0.05230606381856333 1.3333333333333333 0.6646115558220853 18 11 2 85.5 0.3333333333333333 0.6666666666666666 0
4.082155997157844e-17 1.3333333333333333 0.6666666666666666 17 12 2 90.0 0.3333333333333333 0.6666666666666666 0
-0.052306063818563245 1.3333333333333333 0.6646115558220853 17 12 2 94.5 0.3333333333333333 0.6666666666666666 0
-0.10428964336015387 1.3333333333333333 0.6584588937300918 15 12 3 99.0 0.3333333333333333 0.6666666666666666 0
-0.15563024257060354 1.3333333333333333 0.648246613598451 15 12 3 103.5 0.3333333333333333 0.6666666666666666 0
-0.2060113295832982 1.3333333333333333 0.6340376775301024 14 13 4 108.0 0.3333333333333333 0.6666666666666666 0
-0.2551222882433931 1.3333333333333333 0.6159196883408578 12 13 5 112.5 0.3333333333333333 0.6666666666666666 0
-0.3026603331596978 1.3333333333333333 0.5940043494589119 12 13 5 117.0 0.3333333333333333 0.6666666666666666 0
-0.3483323764772992 1.3333333333333333 0.5684267762360615 11 13 6 121.5 0.3333333333333333 0.6666666666666666 0
-0.7837136697232974 1.3333333333333333 1.0786893258332633 6 15 0 126.0 0.3333333333333333 1.3333333333333333 1
-0.8659307311069113 1.3333333333333333 1.013874620800041 6 15 0 130.5 0.3333333333333333 1.3333333333333333 1
-0.9428090415820632 1.3333333333333333 0.9428090415820634 2 16 1 135.0 0.3333333333333333 1.3333333333333333 0
-1.013874620800041 1.3333333333333333 0.8659307311069117 0 16 3 139.5 0.3333333333333333 1.3333333333333333 0
-1.6180339887498947 1.3333333333333333 1.1755705045849465 0 18 0 144.0 0.3333333333333333 2.0 1
-2.2737071049442457 1.3333333333333333 1.393329505909197 0 20 2 148.5 0.3333333333333333 2.6666666666666665 1
-2.376017397835647 1.3333333333333333 1.2106413326387915 0 20 2 153.0 0.3333333333333333 2.6666666666666665 1
-2.463678753363431 1.3333333333333333 1.020489152973573 0 20 5 157.5 0.3333333333333333 2.6666666666666665 1
-2.5361507101204093 1.3333333333333333 0.8240453183331933 0 20 5 162.0 0.3333333333333333 2.6666666666666665 1
-2.592986454393804 1.3333333333333333 0.6225209702824147 0 20 5 166.5 0.3333333333333333 2.6666666666666665 1
-2.633835574920367 1.3333333333333333 0.4171585734406159 0 20 9 171.0 0.3333333333333333 2.6666666666666665 1
-2.6584462232883412 1.3333333333333333 0.2092242552742535 0 20 13 175.5 0.3333333333333333 2.6666666666666665 1
-2.6666666666666665 1.3333333333333333 3.265724797726275e-16 0 20 13 180.0 0.3333333333333333 2.6666666666666665 1
-2.6584462232883412 1.3333333333333333 -0.20922425527425284 0 20 16 184.5 0.3333333333333333 2.6666666666666665 1
-2.6338355749203672 1.3333333333333333 -0.41715857344061524 0 20 16 189.0 0.3333333333333333 2.6666666666666665 1
-1.9447398407953533 1.3333333333333333 -0.46689072771181056 0 18 15 193.5 0.3333333333333333 2.0 1
-1.9021130325903073 1.3333333333333333 -0.6180339887498946 0 18 18 198.0 0.3333333333333333 2.0 1
-1.8477590650225737 1.3333333333333333 -0.7653668647301793 0 18 18 202.5 0.3333333333333333 2.0 1
-1.7820130483767354 1.3333333333333333 -0.907980999479093 0 18 20 207.0 0.3333333333333333 1.9999999999999996 1
-1.7052803287081846 1.3333333333333333 -1.0449971294318974 0 18 20 211.5 0.3333333333333333 2.0 1
-1.618033988749895 1.3333333333333333 -1.175570504584946 0 17 22 216.0 0.3333333333333333 2.0 1
-1.520811931200062 1.3333333333333333 -1.298896096660367 0 16 23 220.5 0.3333333333333333 2.0 1
-1.4142135623730954 1.3333333333333333 -1.414213562373095 0 16 23 225.0 0.3333333333333333 2.0 1
-1.2988960966603669 1.3333333333333333 -1.5208119312000623 0 16 24 229.5 0.3333333333333333 2.0 1
-1.1755705045849465 1.3333333333333333 -1.6180339887498947 0 16 24 234.0 0.3333333333333333 2.0 1
-1.0449971294318972 1.3333333333333333 -1.7052803287081848 0 16 24 238.5 0.3333333333333333 2.0 1
-1.2106413326387917 1.3333333333333333 -2.376017397835647 0 15 29 243.0 0.3333333333333333 2.6666666666666665 1
-1.020489152973572 1.3333333333333333 -2.4636787533634315 0 14 29 247.5 0.3333333333333333 2.6666666666666665 1
-0.8240453183331933 1.3333333333333333 -2.536150710120409 0 14 29 252.0 0.3333333333333333 2.666666666666666 1
-0.6225209702824137 1.3333333333333333 -2.592986454393804 0 14 29 256.5 0.3333333333333333 2.6666666666666665 1
-0.4171585734406161 1.3333333333333333 -2.633835574920367 1 12 29 261.0 0.3333333333333333 2.6666666666666665 0
-0.20922425527425248 1.3333333333333333 -2.6584462232883412 7 11 30 265.5 0.3333333333333333 2.6666666666666665 0
-6.123233995736765e-16 1.3333333333333333 -3.333333333333333 8 10 33 270.0 0.3333333333333333 3.333333333333333 0
0.2615303190928173 1.3333333333333333 -3.3230577791104263 18 6 31 274.5 0.3333333333333333 3.333333333333333 0
1.9815032238429215 1.3333333333333333 -12.510718980871744 43 0 69 279.0 0.3333333333333333 12.666666666666664 1
2.334453638559056 1.3333333333333333 -9.723699203976764 35 0 56 283.5 0.3333333333333333 9.999999999999998 1
3.090169943749472 1.3333333333333333 -9.510565162951535 40 0 55 288.0 0.3333333333333333 9.999999999999998 1
3.3165897471641133 1.3333333333333333 -8.00695594843115 35 0 49 292.5 0.3333333333333333 8.666666666666666 1
3.9345843310760706 1.3333333333333333 -7.722056542965856 39 0 46 297.0 0.3333333333333333 8.666666666666666 1
4.528320894204891 1.3333333333333333 -7.389548091068797 39 0 46 301.5 0.3333333333333333 8.666666666666666 1
4.310425183478134 1.3333333333333333 -5.932791292082949 37 0 39 306.0 0.3333333333333333 7.333333333333333 1
4.762619021088015 1.3333333333333333 -5.576310414400226 37 0 39 310.5 0.3333333333333333 7.333333333333333 1
4.714045207910315 1.3333333333333333 -4.714045207910318 36 0 36 315.0 0.3333333333333333 6.666666666666666 1
4.562435793600186 1.3333333333333333 -3.8966882899811006 35 0 33 319.5 0.3333333333333333 6.0 1
4.854101966249684 1.3333333333333333 -3.52671151375484 35 0 33 324.0 0.3333333333333333 6.0 1
5.115840986124554 1.3333333333333333 -3.134991388295692 35 0 33 328.5 0.3333333333333333 6.0 1
4.752034795671294 1.3333333333333333 -2.421282665277584 35 0 30 333.0 0.3333333333333333 5.333333333333333 1
4.927357506726863 1.3333333333333333 -2.040978305947144 35 0 30 337.5 0.3333333333333333 5.333333333333333 1
4.438263742710716 1.3333333333333333 -1.442079307083089 34 0 26 342.0 0.3333333333333333 4.666666666666666 1
3.8894796815907067 1.3333333333333333 -0.9337814554236208 32 0 24 346.5 0.3333333333333333 4.0 1
3.9507533623805506 1.3333333333333333 -0.6257378601609244 34 0 22 351.0 0.3333333333333333 4.0 1
3.987669334932512 1.3333333333333333 -0.313836382911379 34 0 22 355.5 0.3333333333333333 4.0 1
8.0 2.6666666666666665 0.0 57 0 34 0.0 0.6666666666666666 8.0 1
6.978421336131896 2.6666666666666665 0.5492136700949146 54 0 31 4.5 0.6666666666666666 7.0 1
6.584588937300918 2.6666666666666665 1.042896433601539 54 0 26 9.0 0.6666666666666666 6.666666666666666 1
6.4824661359845095 2.6666666666666665 1.5563024257060358 55 0 22 13.5 0.6666666666666666 6.666666666666666 1
6.340376775301023 2.6666666666666665 2.0601132958329824 55 0 21 18.0 0.6666666666666666 6.666666666666666 1
6.159196883408578 2.6666666666666665 2.551222882433932 55 0 20 22.5 0.6666666666666666 6.666666666666666 1
5.940043494589119 2.6666666666666665 3.026603331596978 56 0 15 27.0 0.6666666666666666 6.666666666666666 1
5.684267762360615 2.6666666666666665 3.4833237647729915 57 0 8 31.5 0.6666666666666666 6.666666666666666 1
5.3934466291663155 2.6666666666666665 3.9185683486164873 57 0 6 36.0 0.6666666666666666 6.666666666666666 1
4.308967138400175 2.6666666666666665 3.680205607204374 53 0 5 40.5 0.6666666666666666 5.666666666666666 1
3.7712361663282534 2.6666666666666665 3.7712361663282534 52 2 0 45.0 0.6666666666666666 5.333333333333333 1
2.164826827767279 2.6666666666666665 2.5346865520001027 43 11 2 49.5 0.6666666666666666 3.333333333333333 0
1.567427339446595 2.6666666666666665 2.1573786516665265 40 14 0 54.0 0.6666666666666666 2.6666666666666665 0
0.8708309411932481 2.6666666666666665 1.4210669405901535 34 17 6 58.5 0.6666666666666666 1.6666666666666665 0
0.6053206663193957 2.6666666666666665 1.1880086989178236 31 18 8 63.0 0.6666666666666666 1.3333333333333333 0
0.5102445764867864 2.6666666666666665 1.2318393766817155 31 19 8 67.5 0.6666666666666666 1.3333333333333333 0
0.4120226591665966 2.6666666666666665 1.2680753550602046 30 19 6 72.0 0.6666666666666666 1.3333333333333333 0
0.3112604851412073 2.6666666666666665 1.296493227196902 29 20 5 76.5 0.6666666666666666 1.3333333333333333 0
0.2085792867203079 2.6666666666666665 1.3169177874601836 29 20 5 81.0 0.6666666666666666 1.3333333333333333 0
0.10461212763712666 2.6666666666666665 1.3292231116441706 28 20 5 85.5 0.6666666666666666 1.3333333333333333 0
8.164311994315688e-17 2.6666666666666665 1.3333333333333333 27 21 5 90.0 0.6666666666666666 1.3333333333333333 0
-0.10461212763712649 2.6666666666666665 1.3292231116441706 26 21 5 94.5 0.6666666666666666 1.3333333333333333 0
-0.20857928672030773 2.6666666666666665 1.3169177874601836 25 21 6 99.0 0.6666666666666666 1.3333333333333333 0
-0.3112604851412071 2.6666666666666665 1.296493227196902 25 21 6 103.5 0.6666666666666666 1.3333333333333333 0
-0.4120226591665964 2.6666666666666665 1.2680753550602049 23 22 8 108.0 0.6666666666666666 1.3333333333333333 0
-0.5102445764867862 2.6666666666666665 1.2318393766817155 21 22 10 112.5 0.6666666666666666 1.3333333333333333 0
-0.6053206663193956 2.6666666666666665 1.1880086989178238 21 22 10 117.0 0.6666666666666666 1.3333333333333333 0
-0.8708309411932479 2.6666666666666665 1.4210669405901537 18 23 8 121.5 0.6666666666666666 1.6666666666666665 0
-1.5674273394465947 2.6666666666666665 2.1573786516665265 12 25 0 126.0 0.6666666666666666 2.6666666666666665 1
-1.7318614622138226 2.6666666666666665 2.027749241600082 10 25 0 130.5 0.6666666666666666 2.6666666666666665 1
-1.8856180831641265 2.6666666666666665 1.8856180831641267 5 26 2 135.0 0.6666666666666666 2.6666666666666665 0
-2.2812178968000927 2.6666666666666665 1.9483441449905512 0 27 4 139.5 0.6666666666666666 3.0 1
-3.2360679774997894 2.6666666666666665 2.351141009169893 0 29 0 144.0 0.6666666666666666 4.0 1
-4.263200821770461 2.6666666666666665 2.6124928235797444 0 31 3 148.5 0.6666666666666666 5.0 1
-4.752034795671294 2.6666666666666665 2.421282665277583 0 32 4 153.0 0.6666666666666666 5.333333333333333 1
-4.927357506726862 2.6666666666666665 2.040978305947146 0 32 9 157.5 0.6666666666666666 5.333333333333333 1
-5.0723014202408185 2.6666666666666665 1.6480906366663866 0 32 11 162.0 0.6666666666666666 5.333333333333333 1
-5.185972908787608 2.6666666666666665 1.2450419405648294 0 32 13 166.5 0.6666666666666666 5.333333333333333 1
-5.267671149840734 2.6666666666666665 0.8343171468812318 0 32 17 171.0 0.6666666666666666 5.333333333333333 1
-5.3168924465766825 2.6666666666666665 0.418448510548507 0 32 20 175.5 0.6666666666666666 5.333333333333333 1
-5.333333333333333 2.6666666666666665 6.53144959545255e-16 0 32 22 180.0 0.6666666666666666 5.333333333333333 1
-5.3168924465766825 2.6666666666666665 -0.4184485105485057 0 32 25 184.5 0.6666666666666666 5.333333333333333 1
-5.2676711498407345 2.6666666666666665 -0.8343171468812305 0 32 26 189.0 0.6666666666666666 5.333333333333333 1
-4.2136029883899315 2.6666666666666665 -1.0115965767089228 0 30 26 193.5 0.6666666666666666 4.333333333333333 1
-3.8042260651806146 2.6666666666666665 -1.2360679774997891 0 29 29 198.0 0.6666666666666666 4.0 1
-3.6955181300451474 2.6666666666666665 -1.5307337294603587 0 29 30 202.5 0.6666666666666666 4.0 1
-3.5640260967534716 2.6666666666666665 -1.8159619989581866 0 29 33 207.0 0.6666666666666666 4.0 1
-3.410560657416369 2.6666666666666665 -2.0899942588637948 0 28 34 211.5 0.6666666666666666 4.0 1
-3.23606797749979 2.6666666666666665 -2.351141009169892 0 28 37 216.0 0.6666666666666666 4.0 1
-3.041623862400124 2.6666666666666665 -2.597792193320734 0 27 39 220.5 0.6666666666666666 4.0 1
-2.8284271247461907 2.6666666666666665 -2.82842712474619 0 27 39 225.0 0.6666666666666666 4.0 1
-2.5977921933207337 2.6666666666666665 -3.0416238624001246 0 26 41 229.5 0.6666666666666666 4.0 1
-2.351141009169893 2.6666666666666665 -3.2360679774997894 0 26 41 234.0 0.6666666666666666 4.0 1
-2.2641604471024435 2.6666666666666665 -3.6947740455344 0 26 44 238.5 0.6666666666666666 4.333333333333333 1
-2.4212826652775834 2.6666666666666665 -4.752034795671294 0 26 50 243.0 0.6666666666666666 5.333333333333333 1
-2.040978305947144 2.6666666666666665 -4.927357506726863 0 25 51 247.5 0.6666666666666666 5.333333333333333 1
-1.648090636666387 2.6666666666666665 -5.0723014202408185 0 24 52 252.0 0.6666666666666666 5.333333333333333 1
-1.2450419405648274 2.6666666666666665 -5.185972908787608 0 24 52 256.5 0.6666666666666666 5.333333333333333 1
-0.8343171468812322 2.6666666666666665 -5.267671149840734 0 22 52 261.0 0.6666666666666666 5.333333333333333 1
-0.4446015424577865 2.6666666666666665 -5.649198224487725 0 20 55 265.5 0.6666666666666666 5.666666666666666 1
-1.224646799147353e-15 2.6666666666666665 -6.666666666666666 0 19 61 270.0 0.6666666666666666 6.666666666666666 1
0.8892030849155789 2.6666666666666665 -11.29839644897545 27 0 75 274.5 0.6666666666666666 11.333333333333332 1
3.9630064476858435 2.6666666666666665 -25.02143796174349 68 0 139 279.0 0.6666666666666666 25.333333333333332 1
4.98016776225932 2.6666666666666665 -20.743891635150433 60 0 117 283.5 0.6666666666666666 21.333333333333332 1
6.180339887498945 2.6666666666666665 -19.021130325903073 64 0 108 288.0 0.6666666666666666 20.0 1
6.88830178257162 2.6666666666666665 -16.62983158520316 60 0 96 292.5 0.6666666666666666 18.0 1
7.869168662152141 2.6666666666666665 -15.444113085931711 64 0 89 297.0 0.6666666666666666 17.333333333333332 1
8.708309411932483 2.6666666666666665 -14.210669405901532 63 0 85 301.5 0.6666666666666666 16.666666666666664 1
8.620850366956269 2.6666666666666665 -11.865582584165898 62 0 74 306.0 0.6666666666666666 14.666666666666666 1
9.308755359399301 2.6666666666666665 -10.899152173600442 61 0 72 310.5 0.6666666666666666 14.333333333333332 1
9.42809041582063 2.6666666666666665 -9.428090415820636 60 0 66 315.0 0.6666666666666666 13.333333333333332 1
9.378340242400382 2.6666666666666665 -8.009859262738928 59 0 61 319.5 0.6666666666666666 12.333333333333332 1
9.708203932499368 2.6666666666666665 -7.05342302750968 59 0 59 324.0 0.6666666666666666 12.0 1
9.947468584131077 2.6666666666666665 -6.095816588352735 59 0 57 328.5 0.6666666666666666 11.666666666666666 1
9.504069591342589 2.6666666666666665 -4.842565330555168 58 0 52 333.0 0.6666666666666666 10.666666666666666 1
9.546755169283296 2.6666666666666665 -3.9543954677725917 58 0 50 337.5 0.6666666666666666 10.333333333333332 1
8.876527485421432 2.6666666666666665 -2.884158614166178 57 0 44 342.0 0.6666666666666666 9.333333333333332 1
8.103082669980637 2.6666666666666665 -1.9453780321325431 54 0 41 346.5 0.6666666666666666 8.333333333333332 1
7.901506724761101 2.6666666666666665 -1.2514757203218487 55 0 37 351.0 0.6666666666666666 8.0 1
7.975338669865024 2.6666666666666665 -0.627672765822758 56 0 36 355.5 0.6666666666666666 8.0 1
12.0 4.0 0.0 83 0 47 0.0 1.0 12.0 1
10.966090671064407 4.0 0.8630500530062943 80 0 42 4.5 1.0 11.0 1
9.876883405951379 4.0 1.5643446504023086 77 0 36 9.0 1.0 10.0 1
9.723699203976766 4.0 2.334453638559054 78 0 32 13.5 1.0 10.0 1
9.510565162951535 4.0 3.090169943749474 79 0 28 18.0 1.0 10.0 1
9.238795325112868 4.0 3.826834323650898 79 0 25 22.5 1.0 10.0 1
8.910065241883679 4.0 4.5399049973954675 80 0 21 27.0 1.0 10.0 1
8.526401643540924 4.0 5.224985647159488 81 0 16 31.5 1.0 10.0 1
8.090169943749475 4.0 5.877852522924732 81 0 10 36.0 1.0 10.0 1
6.843653690400278 4.0 5.845032434971653 77 0 5 40.5 1.0 9.0 1
5.656854249492381 4.0 5.656854249492381 72 0 0 45.0 1.0 8.0 1
3.896688289981102 4.0 4.562435793600185 64 5 0 49.5 1.0 6.0 0
2.3511410091698925 4.0 3.23606797749979 55 16 0 54.0 1.0 4.0 0
1.5674956941478468 4.0 2.5579204930622765 49 21 6 58.5 1.0 3.0 0
0.9079809994790936 4.0 1.7820130483767356 42 24 12 63.0 1.0 2.0 0
0.7653668647301797 4.0 1.8477590650225735 41 25 11 67.5 1.0 2.0 0
0.6180339887498949 4.0 1.902113032590307 40 25 9 72.0 1.0 2.0 0
0.46689072771181095 4.0 1.9447398407953531 39 26 8 76.5 1.0 2.0 0
0.31286893008046185 4.0 1.9753766811902755 38 26 7 81.0 1.0 2.0 0
0.15691819145569 4.0 1.993834667466256 37 27 7 85.5 1.0 2.0 0
1.2246467991473532e-16 4.0 2.0 35 27 7 90.0 1.0 2.0 0
-0.15691819145568975 4.0 1.993834667466256 34 28 8 94.5 1.0 2.0 0
-0.3128689300804616 4.0 1.9753766811902755 33 28 8 99.0 1.0 2.0 0
-0.46689072771181067 4.0 1.9447398407953533 31 29 10 103.5 1.0 2.0 0
-0.6180339887498947 4.0 1.9021130325903073 30 29 11 108.0 1.0 2.0 0
-0.7653668647301795 4.0 1.8477590650225735 28 29 13 112.5 1.0 2.0 0
-0.9079809994790935 4.0 1.7820130483767358 27 30 15 117.0 1.0 2.0 0
-1.5674956941478464 4.0 2.557920493062277 22 32 5 121.5 1.0 3.0 0
-2.351141009169892 4.0 3.23606797749979 16 33 0 126.0 1.0 4.0 1
-2.597792193320734 4.0 3.0416238624001237 11 34 0 130.5 1.0 4.0 1
-2.82842712474619 4.0 2.8284271247461903 6 34 3 135.0 1.0 4.0 0
-3.8020298280001548 4.0 3.247240241650919 0 36 2 139.5 1.0 5.0 1
-4.854101966249684 4.0 3.5267115137548393 0 37 0 144.0 1.0 6.0 1
-5.968481150478645 4.0 3.6574899530116425 0 39 3 148.5 1.0 7.0 1
-7.128052193506942 4.0 3.631923997916375 0 41 5 153.0 1.0 8.0 1
-7.391036260090294 4.0 3.061467458920719 0 41 11 157.5 1.0 8.0 1
-7.608452130361228 4.0 2.47213595499958 0 41 16 162.0 1.0 8.0 1
-7.7789593631814125 4.0 1.8675629108472442 0 41 19 166.5 1.0 8.0 1
-7.901506724761101 4.0 1.2514757203218478 0 41 22 171.0 1.0 8.0 1
-7.975338669865024 4.0 0.6276727658227605 0 41 26 175.5 1.0 8.0 1
-8.0 4.0 9.797174393178826e-16 0 41 29 180.0 1.0 8.0 1
-7.975338669865024 4.0 -0.6276727658227585 0 41 33 184.5 1.0 8.0 1
-7.901506724761102 4.0 -1.2514757203218458 0 41 36 189.0 1.0 8.0 1
-6.806589442783737 4.0 -1.634117546991337 0 39 39 193.5 1.0 7.0 1
-5.706339097770922 4.0 -1.8541019662496838 0 38 41 198.0 1.0 6.0 1
-5.543277195067721 4.0 -2.296100594190538 0 38 44 202.5 1.0 6.0 1
-5.346039145130208 4.0 -2.7239429984372796 0 38 46 207.0 1.0 6.0 1
-5.115840986124554 4.0 -3.134991388295692 0 37 49 211.5 1.0 6.0 1
-4.854101966249685 4.0 -3.5267115137548384 0 37 52 216.0 1.0 6.0 1
-4.562435793600186 4.0 -3.8966882899811015 0 36 54 220.5 1.0 6.0 1
-4.242640687119286 4.0 -4.242640687119285 0 36 57 225.0 1.0 6.0 1
-3.8966882899811006 4.0 -4.562435793600187 0 35 58 229.5 1.0 6.0 1
-3.5267115137548393 4.0 -4.854101966249684 0 35 60 234.0 1.0 6.0 1
-3.6574899530116403 4.0 -5.968481150478647 0 35 67 238.5 1.0 7.0 1
-3.6319239979163753 4.0 -7.128052193506942 0 35 74 243.0 1.0 8.0 1
-3.061467458920716 4.0 -7.391036260090295 0 34 75 247.5 1.0 8.0 1
-2.4721359549995805 4.0 -7.608452130361228 0 33 76 252.0 1.0 8.0 1
-1.8675629108472411 4.0 -7.778959363181413 0 32 76 256.5 1.0 8.0 1
-1.2514757203218483 4.0 -7.901506724761101 0 30 77 261.0 1.0 8.0 1
-0.7061318615506021 4.0 -8.972256003598151 0 28 84 265.5 1.0 9.0 1
-1.8369701987210296e-15 4.0 -10.0 0 25 91 270.0 1.0 10.0 1
1.883018297468285 4.0 -23.92601600959507 45 0 144 274.5 1.0 24.0 1
5.944509671528766 4.0 -37.53215694261524 90 0 217 279.0 1.0 38.0 1
7.9371423711007925 4.0 -33.060577293521 91 0 191 283.5 1.0 34.0 1
9.270509831248416 4.0 -28.53169548885461 89 0 167 288.0 1.0 30.0 1
10.71513610622252 4.0 -25.868626910316024 91 0 151 292.5 1.0 28.0 1
11.803752993228212 4.0 -23.166169628897567 91 0 136 297.0 1.0 26.0 1
12.539965553182777 4.0 -20.46336394449821 90 0 123 301.5 1.0 24.0 1
12.931275550434403 4.0 -17.798373876248846 88 0 111 306.0 1.0 22.0 1
13.638409014933861 4.0 -15.968525277600648 88 0 105 310.5 1.0 21.0 1
14.142135623730947 4.0 -14.142135623730955 87 0 98 315.0 1.0 20.0 1
14.44771334640059 4.0 -12.339512918273485 86 0 93 319.5 1.0 19.0 1
14.562305898749052 4.0 -10.58013454126452 85 0 88 324.0 1.0 18.0 1
14.494882794019569 4.0 -8.882475600171128 85 0 82 328.5 1.0 17.0 1
14.256104387013885 4.0 -7.2638479958327515 84 0 77 333.0 1.0 16.0 1
13.858192987669304 4.0 -5.740251485476343 83 0 70 337.5 1.0 15.0 1
13.31479122813215 4.0 -4.326237921249268 82 0 64 342.0 1.0 14.0 1
12.640808965169796 4.0 -3.0347897301267674 81 0 59 346.5 1.0 13.0 1
11.852260087141651 4.0 -1.8772135804827732 80 0 53 351.0 1.0 12.0 1
11.963008004797535 4.0 -0.9415091487341369 81 0 50 355.5 1.0 12.0 1
12.666666666666666 5.333333333333333 0.0 96 0 52 0.0 1.3333333333333333 12.666666666666666 1
11.630702226886495 5.333333333333333 0.9153561168248577 93 0 45 4.5 1.3333333333333333 11.666666666666668 1
11.193801193411561 5.333333333333333 1.7729239371226166 93 0 40 9.0 1.3333333333333333 11.333333333333334 1
11.020192431173669 5.333333333333333 2.645714123700261 94 0 35 13.5 1.3333333333333333 11.333333333333334 1
10.778640518011741 5.333333333333333 3.502192602916071 95 0 31 18.0 1.3333333333333333 11.333333333333334 1
10.470634701794584 5.333333333333333 4.337078900137684 96 0 27 22.5 1.3333333333333333 11.333333333333334 1
10.098073940801504 5.333333333333333 5.1452256637148635 96 0 20 27.0 1.3333333333333333 11.333333333333334 1
9.663255196013047 5.333333333333333 5.921650400114086 96 0 16 31.5 1.3333333333333333 11.333333333333334 1
9.168859269582738 5.333333333333333 6.66156619264803 96 0 6 36.0 1.3333333333333333 11.333333333333334 1
6.843653690400278 5.333333333333333 5.845032434971653 85 0 6 40.5 1.3333333333333333 9.0 1
5.656854249492381 5.333333333333333 5.656854249492381 80 0 0 45.0 1.3333333333333333 8.0 1
3.896688289981102 5.333333333333333 4.562435793600185 70 16 3 49.5 1.3333333333333333 6.0 0
2.742997844031541 5.333333333333333 3.775412640416421 64 23 2 54.0 1.3333333333333333 4.666666666666666 0
1.9158280706251458 5.333333333333333 3.126347269298338 58 26 9 58.5 1.3333333333333333 3.6666666666666665 0
1.5133016657984892 5.333333333333333 2.970021747294559 54 29 6 63.0 1.3333333333333333 3.333333333333333 0
1.020489152973573 5.333333333333333 2.463678753363431 51 31 13 67.5 1.3333333333333333 2.6666666666666665 0
0.8240453183331932 5.333333333333333 2.5361507101204093 50 31 11 72.0 1.3333333333333333 2.6666666666666665 0
0.6225209702824146 5.333333333333333 2.592986454393804 48 32 10 76.5 1.3333333333333333 2.6666666666666665 0
0.4171585734406158 5.333333333333333 2.6338355749203672 46 33 8 81.0 1.3333333333333333 2.6666666666666665 0
0.2092242552742533 5.333333333333333 2.6584462232883412 45 33 7 85.5 1.3333333333333333 2.6666666666666665 0
1.6328623988631375e-16 5.333333333333333 2.6666666666666665 44 34 7 90.0 1.3333333333333333 2.6666666666666665 0
-0.20922425527425298 5.333333333333333 2.6584462232883412 42 34 7 94.5 1.3333333333333333 2.6666666666666665 0
-0.41715857344061547 5.333333333333333 2.6338355749203672 41 35 7 99.0 1.3333333333333333 2.6666666666666665 0
-0.6225209702824142 5.333333333333333 2.592986454393804 39 35 9 103.5 1.3333333333333333 2.6666666666666665 0
-0.8240453183331928 5.333333333333333 2.5361507101204097 37 36 10 108.0 1.3333333333333333 2.6666666666666665 0
-1.0204891529735725 5.333333333333333 2.463678753363431 35 37 13 112.5 1.3333333333333333 2.6666666666666665 0
-1.2106413326387913 5.333333333333333 2.3760173978356476 33 37 14 117.0 1.3333333333333333 2.6666666666666665 0
-1.9158280706251456 5.333333333333333 3.1263472692983383 27 39 4 121.5 1.3333333333333333 3.6666666666666665 0
-2.7429978440315406 5.333333333333333 3.775412640416421 22 40 0 126.0 1.3333333333333333 4.666666666666666 1
-3.0307575588741895 5.333333333333333 3.548561172800144 18 41 0 130.5 1.3333333333333333 4.666666666666666 1
-3.771236166328253 5.333333333333333 3.7712361663282534 5 42 0 135.0 1.3333333333333333 5.333333333333333 1
-5.322841759200217 5.333333333333333 4.546136338311286 0 45 0 139.5 1.3333333333333333 7.0 1
-6.472135954999578 5.333333333333333 4.702282018339785 0 46 0 144.0 1.3333333333333333 7.999999999999999 1
-7.67376147918683 5.333333333333333 4.7024870824435405 0 47 0 148.5 1.3333333333333333 9.0 1
-9.504069591342589 5.333333333333333 4.842565330555166 0 50 8 153.0 1.3333333333333333 10.666666666666666 1
-9.854715013453724 5.333333333333333 4.081956611894292 0 50 17 157.5 1.3333333333333333 10.666666666666666 1
-10.144602840481637 5.333333333333333 3.296181273332773 0 50 20 162.0 1.3333333333333333 10.666666666666666 1
-10.371945817575217 5.333333333333333 2.490083881129659 0 50 23 166.5 1.3333333333333333 10.666666666666666 1
-10.535342299681467 5.333333333333333 1.6686342937624636 0 50 28 171.0 1.3333333333333333 10.666666666666666 1
-10.633784893153365 5.333333333333333 0.836897021097014 0 50 31 175.5 1.3333333333333333 10.666666666666666 1
-10.666666666666666 5.333333333333333 1.30628991909051e-15 0 50 36 180.0 1.3333333333333333 10.666666666666666 1
-10.633784893153365 5.333333333333333 -0.8368970210970114 0 50 39 184.5 1.3333333333333333 10.666666666666666 1
-9.876883405951379 5.333333333333333 -1.5643446504023073 0 49 43 189.0 1.3333333333333333 10.0 1
-8.75132928357909 5.333333333333333 -2.1010082747031475 0 48 48 193.5 1.3333333333333333 9.0 1
-7.608452130361228 5.333333333333333 -2.472135954999578 0 47 50 198.0 1.3333333333333333 7.999999999999999 1
-7.391036260090295 5.333333333333333 -3.0614674589207174 0 47 54 202.5 1.3333333333333333 8.0 1
-7.128052193506942 5.333333333333333 -3.6319239979163727 0 47 57 207.0 1.3333333333333333 7.999999999999999 1
-6.821121314832738 5.333333333333333 -4.1799885177275895 0 46 60 211.5 1.3333333333333333 8.0 1
-5.932791292082947 5.333333333333333 -4.310425183478134 0 45 63 216.0 1.3333333333333333 7.333333333333332 1
-5.5763104144002265 5.333333333333333 -4.762619021088012 0 45 65 220.5 1.3333333333333333 7.333333333333332 1
-5.185449728701349 5.333333333333333 -5.1854497287013475 0 45 69 225.0 1.3333333333333333 7.333333333333332 1
-4.762619021088011 5.333333333333333 -5.576310414400228 0 44 73 229.5 1.3333333333333333 7.333333333333333 1
-4.310425183478136 5.333333333333333 -5.932791292082946 0 43 74 234.0 1.3333333333333333 7.333333333333332 1
-4.354154705966238 5.333333333333333 -7.105334702950769 0 43 81 238.5 1.3333333333333333 8.333333333333332 1
-3.934584331076073 5.333333333333333 -7.722056542965854 0 43 86 243.0 1.3333333333333333 8.666666666666666 1
-3.316589747164109 5.333333333333333 -8.006955948431152 0 42 87 247.5 1.3333333333333333 8.666666666666666 1
-2.6781472845828787 5.333333333333333 -8.24248980789133 0 41 88 252.0 1.3333333333333333 8.666666666666666 1
-2.0231931534178442 5.333333333333333 -8.427205976779863 0 39 88 256.5 1.3333333333333333 8.666666666666666 1
-1.460055007042156 5.333333333333333 -9.218424512221283 0 37 93 261.0 1.3333333333333333 9.333333333333332 1
-0.8107439891877284 5.333333333333333 -10.301479115242323 0 35 100 265.5 1.3333333333333333 10.333333333333334 1
-2.0818995585505003e-15 5.333333333333333 -11.333333333333334 0 32 107 270.0 1.3333333333333333 11.333333333333334 1
1.883018297468285 5.333333333333333 -23.92601600959507 36 0 155 274.5 1.3333333333333333 24.0 1
5.944509671528766 5.333333333333333 -37.53215694261524 89 0 225 279.0 1.3333333333333333 38.0 1
8.248402856241999 5.333333333333333 -34.3570705207179 99 0 208 283.5 1.3333333333333333 35.33333333333333 1
9.682532490415014 5.333333333333333 -29.799770843914818 97 0 183 288.0 1.3333333333333333 31.333333333333336 1
11.225380682709305 5.333333333333333 -27.100466286997737 102 0 169 292.5 1.3333333333333333 29.33333333333333 1
12.409073659547609 5.333333333333333 -24.354178327815394 103 0 154 297.0 1.3333333333333333 27.333333333333336 1
13.584962682614675 5.333333333333333 -22.168644273206393 105 0 143 301.5 1.3333333333333333 26.0 1
14.10684605501935 5.333333333333333 -19.416407864998742 103 0 130 306.0 1.3333333333333333 24.0 1
14.504339746040776 5.333333333333333 -16.98239989840069 101 0 119 310.5 1.3333333333333333 22.333333333333336 1
15.084944665313012 5.333333333333333 -15.084944665313019 100 0 112 315.0 1.3333333333333333 21.333333333333336 1
15.461587967200632 5.333333333333333 -13.205443649380397 101 0 105 319.5 1.3333333333333333 20.333333333333336 1
15.640995224582317 5.333333333333333 -11.36384821098782 100 0 100 324.0 1.3333333333333333 19.333333333333336 1
15.631736346491694 5.333333333333333 -9.579140353125727 101 0 92 328.5 1.3333333333333333 18.333333333333336 1
15.444113085931708 5.333333333333333 -7.869168662152147 100 0 86 333.0 1.3333333333333333 17.333333333333332 1
15.090032364351018 5.333333333333333 -6.250496061963129 99 0 78 337.5 1.3333333333333333 16.333333333333332 1
14.582866583192352 5.333333333333333 -4.738260580415864 98 0 72 342.0 1.3333333333333333 15.333333333333332 1
13.937302192366698 5.333333333333333 -3.346050215267974 97 0 65 346.5 1.3333333333333333 14.333333333333332 1
13.169177874601834 5.333333333333333 -2.085792867203081 95 0 60 351.0 1.3333333333333333 13.333333333333332 1
13.292231116441705 5.333333333333333 -1.0461212763712633 97 0 57 355.5 1.3333333333333333 13.333333333333332 1
13.333333333333334 6.666666666666666 0.0 110 0 56 0.0 1.6666666666666665 13.333333333333334 1
12.627619560619623 6.666666666666666 0.9938152125527027 108 0 49 4.5 1.6666666666666665 12.666666666666668 1
12.510718980871745 6.666666666666666 1.9815032238429244 110 0 44 9.0 1.6666666666666665 12.666666666666668 1
12.31668565837057 6.666666666666666 2.9569746088414686 111 0 38 13.5 1.6666666666666665 12.666666666666668 1
12.046715873071946 6.666666666666666 3.9142152620826676 112 0 33 18.0 1.6666666666666665 12.666666666666668 1
11.7024740784763 6.666666666666666 4.847323476624471 112 0 28 22.5 1.6666666666666665 12.666666666666668 1
11.286082639719329 6.666666666666666 5.750546330034259 112 0 20 27.0 1.6666666666666665 12.666666666666668 1
10.80010874848517 6.666666666666666 6.618315153068686 112 0 13 31.5 1.6666666666666665 12.666666666666668 1
10.247548595416003 6.666666666666666 7.445279862371327 112 0 2 36.0 1.6666666666666665 12.666666666666668 1
7.350591000800298 6.666666666666666 6.2779978005251085 96 0 4 40.5 1.6666666666666665 9.666666666666666 1
5.656854249492381 6.666666666666666 5.656854249492381 88 11 0 45.0 1.6666666666666665 8.0 0
4.11317097275783 6.666666666666666 4.815904448800196 79 24 6 49.5 1.6666666666666665 6.333333333333333 0
3.13485467889319 6.666666666666666 4.314757303333053 73 29 3 54.0 1.6666666666666665 5.333333333333333 0
2.4383266353410944 6.666666666666666 3.9789874336524296 69 32 6 58.5 1.6666666666666665 4.666666666666666 0
2.118622332117885 6.666666666666666 4.158030446212383 67 34 0 63.0 1.6666666666666665 4.666666666666666 1
1.4031725853386625 6.666666666666666 3.3875582858747175 62 36 11 67.5 1.6666666666666665 3.666666666666666 0
1.0300566479164914 6.666666666666666 3.1701883876505117 59 38 12 72.0 1.6666666666666665 3.333333333333333 0
0.7781512128530181 6.666666666666666 3.2412330679922547 57 38 10 76.5 1.6666666666666665 3.333333333333333 0
0.5214482168007697 6.666666666666666 3.292294468650459 56 39 7 81.0 1.6666666666666665 3.333333333333333 0
0.26153031909281665 6.666666666666666 3.3230577791104263 54 40 6 85.5 1.6666666666666665 3.333333333333333 0
2.0410779985789218e-16 6.666666666666666 3.333333333333333 52 41 5 90.0 1.6666666666666665 3.333333333333333 0
-0.2615303190928162 6.666666666666666 3.3230577791104263 51 41 5 94.5 1.6666666666666665 3.333333333333333 0
-0.5214482168007694 6.666666666666666 3.292294468650459 49 42 5 99.0 1.6666666666666665 3.333333333333333 0
-0.7781512128530177 6.666666666666666 3.241233067992255 47 43 6 103.5 1.6666666666666665 3.333333333333333 0
-1.030056647916491 6.666666666666666 3.1701883876505117 45 43 8 108.0 1.6666666666666665 3.333333333333333 0
-1.2756114412169657 6.666666666666666 3.079598441704289 42 44 11 112.5 1.6666666666666665 3.333333333333333 0
-1.513301665798489 6.666666666666666 2.9700217472945596 40 44 13 117.0 1.6666666666666665 3.333333333333333 0
-2.264160447102445 6.666666666666666 3.6947740455343996 34 46 3 121.5 1.6666666666666665 4.333333333333333 0
-3.1348546788931895 6.666666666666666 4.314757303333053 28 48 0 126.0 1.6666666666666665 5.333333333333333 1
-3.680205607204373 6.666666666666666 4.308967138400175 21 49 0 130.5 1.6666666666666665 5.666666666666666 1
-4.714045207910316 6.666666666666666 4.714045207910317 1 51 0 135.0 1.6666666666666665 6.666666666666666 1
-6.5901850352002675 6.666666666666666 5.6285497521949255 0 53 0 139.5 1.6666666666666665 8.666666666666666 1
-8.090169943749473 6.666666666666666 5.877852522924733 0 55 0 144.0 1.6666666666666665 10.0 1
-9.663255196013044 6.666666666666666 5.921650400114087 0 56 0 148.5 1.6666666666666665 11.333333333333332 1
-11.880086989178237 6.666666666666666 6.053206663193958 0 59 9 153.0 1.6666666666666665 13.333333333333332 1
-12.318393766817156 6.666666666666666 5.1024457648678645 0 59 19 157.5 1.6666666666666665 13.333333333333332 1
-12.680753550602047 6.666666666666666 4.120226591665967 0 59 25 162.0 1.6666666666666665 13.333333333333332 1
-12.964932271969019 6.666666666666666 3.1126048514120734 0 59 29 166.5 1.6666666666666665 13.333333333333332 1
-13.169177874601834 6.666666666666666 2.0857928672030797 0 59 33 171.0 1.6666666666666665 13.333333333333332 1
-13.292231116441705 6.666666666666666 1.0461212763712675 0 59 37 175.5 1.6666666666666665 13.333333333333332 1
-13.333333333333332 6.666666666666666 1.6328623988631375e-15 0 59 42 180.0 1.6666666666666665 13.333333333333332 1
-12.959925338530663 6.666666666666666 -1.0199682444619826 0 59 46 184.5 1.6666666666666665 13.0 1
-11.852260087141653 6.666666666666666 -1.8772135804827688 0 58 51 189.0 1.6666666666666665 12.0 1
-10.696069124374443 6.666666666666666 -2.567899002414958 0 57 56 193.5 1.6666666666666665 11.0 1
-9.510565162951536 6.666666666666666 -3.0901699437494727 0 56 60 198.0 1.6666666666666665 10.0 1
-9.238795325112866 6.666666666666666 -3.826834323650896 0 56 64 202.5 1.6666666666666665 9.999999999999998 1
-8.910065241883679 6.666666666666666 -4.539904997395467 0 56 67 207.0 1.6666666666666665 10.0 1
-8.242188255422892 6.666666666666666 -5.050819458920837 0 55 71 211.5 1.6666666666666665 9.666666666666666 1
-7.01148061791621 6.666666666666666 -5.094138853201432 0 54 74 216.0 1.6666666666666665 8.666666666666666 1
-6.590185035200268 6.666666666666666 -5.628549752194924 0 54 77 220.5 1.6666666666666665 8.666666666666666 1
-6.128258770283413 6.666666666666666 -6.128258770283411 0 53 82 225.0 1.6666666666666665 8.666666666666666 1
-5.628549752194923 6.666666666666666 -6.590185035200269 0 53 86 229.5 1.6666666666666665 8.666666666666666 1
-5.094138853201435 6.666666666666666 -7.0114806179162095 0 52 89 234.0 1.6666666666666665 8.666666666666666 1
-4.876653270682186 6.666666666666666 -7.957974867304862 0 52 95 238.5 1.6666666666666665 9.333333333333332 1
-4.237244664235771 6.666666666666666 -8.316060892424765 0 51 97 243.0 1.6666666666666665 9.333333333333332 1
-3.5717120354075016 6.666666666666666 -8.62287563677201 0 49 99 247.5 1.6666666666666665 9.333333333333332 1
-2.884158614166177 6.666666666666666 -8.876527485421432 0 48 100 252.0 1.6666666666666665 9.333333333333332 1
-2.2566385172737498 6.666666666666666 -9.39957589717754 0 47 103 256.5 1.6666666666666665 9.666666666666666 1
-1.6686342937624643 6.666666666666666 -10.535342299681467 0 45 110 261.0 1.6666666666666665 10.666666666666666 1
-0.9153561168248545 6.666666666666666 -11.630702226886493 0 42 117 265.5 1.6666666666666665 11.666666666666666 1
-2.326828918379971e-15 6.666666666666666 -12.666666666666668 0 39 124 270.0 1.6666666666666665 12.666666666666668 1
1.9353243612868485 6.666666666666666 -24.590627565417158 32 0 169 274.5 1.6666666666666665 24.666666666666668 1
5.944509671528766 6.666666666666666 -37.53215694261524 88 0 233 279.0 1.6666666666666665 38.0 1
8.404033098812604 6.666666666666666 -35.00531713431636 102 0 220 283.5 1.6666666666666665 36.0 1
10.094555149581609 6.666666666666666 -31.067846198975015 105 0 199 288.0 1.6666666666666665 32.666666666666664 1
11.735625259196095 6.666666666666666 -28.332305663679456 112 0 187 292.5 1.6666666666666665 30.666666666666668 1
13.014394325867004 6.666666666666666 -25.542187026733217 114 0 172 297.0 1.6666666666666665 28.666666666666668 1
14.455793623807924 6.666666666666666 -23.589711213796548 119 0 162 301.5 1.6666666666666665 27.666666666666668 1
15.282416559604297 6.666666666666666 -21.034441853748636 119 0 150 306.0 1.6666666666666665 26.0 1
15.586753159924413 6.666666666666666 -18.24974317440074 116 0 136 310.5 1.6666666666666665 24.0 1
16.027753706895073 6.666666666666666 -16.02775370689508 114 0 127 315.0 1.6666666666666665 22.666666666666664 1
16.475462588000674 6.666666666666666 -14.071374380487308 115 0 119 319.5 1.6666666666666665 21.666666666666668 1
16.71968455041558 6.666666666666666 -12.147561880711116 115 0 113 324.0 1.6666666666666665 20.666666666666668 1
16.768589898963814 6.666666666666666 -10.275805106080323 116 0 103 328.5 1.6666666666666665 19.666666666666664 1
16.63212178484953 6.666666666666666 -8.474489328471542 116 0 96 333.0 1.6666666666666665 18.666666666666664 1
16.321871741032734 6.666666666666666 -6.7607406384499145 115 0 87 337.5 1.6666666666666665 17.666666666666664 1
15.850941938252557 6.666666666666666 -5.1502832395824605 114 0 80 342.0 1.6666666666666665 16.666666666666664 1
15.233795419563599 6.666666666666666 -3.6573107004091807 113 0 73 346.5 1.6666666666666665 15.666666666666664 1
14.486095662062018 6.666666666666666 -2.2943721539233892 111 0 67 351.0 1.6666666666666665 14.666666666666666 1
14.289148450174833 6.666666666666666 -1.1245803720991079 112 0 63 355.5 1.6666666666666665 14.333333333333332 1
14.0 8.0 0.0 123 0 60 0.0 2.0 14.0 1
13.956842672263791 8.0 1.0984273401898292 125 0 54 4.5 2.0 14.0 1
13.827636768331928 8.0 2.190082510563232 127 0 48 9.0 2.0 14.0 1
13.613178885567471 8.0 3.2682350939826756 128 0 42 13.5 2.0 14.0 1
13.31479122813215 8.0 4.326237921249263 129 0 35 18.0 2.0 14.0 1
12.934313455158014 8.0 5.357568053111257 129 0 27 22.5 2.0 14.0 1
12.47409133863715 8.0 6.3558669963536545 128 0 19 27.0 2.0 14.0 1
11.936962300957292 8.0 7.314979906023283 128 0 9 31.5 2.0 14.0 1
11.326237921249264 8.0 8.228993532094623 127 0 0 36.0 2.0 14.0 1
8.36446562160034 8.0 7.14392853163202 112 0 0 40.5 2.0 11.0 1
5.656854249492381 8.0 5.656854249492381 96 23 0 45.0 2.0 8.0 1
4.546136338311285 8.0 5.322841759200217 90 30 1 49.5 2.0 7.0 0
3.526711513754839 8.0 4.854101966249685 83 35 3 54.0 2.0 6.0 0
3.1349913882956937 8.0 5.115840986124553 81 37 0 58.5 2.0 6.0 1
2.723942998437281 8.0 5.346039145130207 79 39 0 63.0 2.0 6.0 1
1.9134171618254492 8.0 4.619397662556434 74 42 2 67.5 2.0 5.0 0
1.2360679774997898 8.0 3.804226065180614 69 44 12 72.0 2.0 4.0 0
0.9337814554236219 8.0 3.8894796815907062 67 45 10 76.5 2.0 4.0 0
0.6257378601609237 8.0 3.950753362380551 65 46 7 81.0 2.0 4.0 0
0.31383638291138 8.0 3.987669334932512 63 47 5 85.5 2.0 4.0 0
2.4492935982947064e-16 8.0 4.0 61 48 3 90.0 2.0 4.0 0
-0.3138363829113795 8.0 3.987669334932512 59 48 3 94.5 2.0 4.0 0
-0.6257378601609233 8.0 3.950753362380551 57 49 2 99.0 2.0 4.0 0
-0.9337814554236213 8.0 3.8894796815907067 55 50 3 103.5 2.0 4.0 0
-1.2360679774997894 8.0 3.8042260651806146 52 51 5 108.0 2.0 4.0 0
-1.530733729460359 8.0 3.695518130045147 49 51 8 112.5 2.0 4.0 0
-1.815961998958187 8.0 3.5640260967534716 46 52 12 117.0 2.0 4.0 0
-2.612492823579744 8.0 4.263200821770462 41 54 0 121.5 2.0 5.0 0
-3.5267115137548384 8.0 4.854101966249685 34 55 0 126.0 2.0 6.0 1
-4.5461363383112845 8.0 5.322841759200217 20 58 0 130.5 2.0 7.0 1
-5.65685424949238 8.0 5.656854249492381 0 59 0 135.0 2.0 8.0 1
-7.6040596560003095 8.0 6.494480483301838 0 62 0 139.5 2.0 10.0 1
-9.708203932499368 8.0 7.0534230275096785 0 64 0 144.0 2.0 12.0 1
-11.93696230095729 8.0 7.314979906023285 0 66 0 148.5 2.0 14.0 1
-14.256104387013885 8.0 7.26384799583275 0 68 10 153.0 2.0 16.0 1
-14.782072520180588 8.0 6.122934917841438 0 68 20 157.5 2.0 16.0 1
-15.216904260722456 8.0 4.94427190999916 0 68 29 162.0 2.0 16.0 1
-15.557918726362825 8.0 3.7351258216944885 0 68 34 166.5 2.0 16.0 1
-15.803013449522203 8.0 2.5029514406436957 0 68 39 171.0 2.0 16.0 1
-15.950677339730047 8.0 1.255345531645521 0 68 44 175.5 2.0 16.0 1
-16.0 8.0 1.959434878635765e-15 0 68 49 180.0 2.0 16.0 1
-14.95376000599692 8.0 -1.1768864359176723 0 68 54 184.5 2.0 15.0 1
-13.827636768331928 8.0 -2.1900825105632302 0 67 58 189.0 2.0 14.0 1
-12.640808965169796 8.0 -3.034789730126769 0 66 64 193.5 2.0 13.0 1
-11.412678195541844 8.0 -3.7082039324993676 0 66 69 198.0 2.0 12.0 1
-11.086554390135442 8.0 -4.592201188381076 0 66 74 202.5 2.0 12.0 1
-10.692078290260415 8.0 -5.447885996874559 0 65 78 207.0 2.0 12.0 1
-9.379041807895016 8.0 -5.7474842118754355 0 64 82 211.5 2.0 11.0 1
-8.090169943749475 8.0 -5.87785252292473 0 63 86 216.0 2.0 10.0 1
-7.60405965600031 8.0 -6.494480483301835 0 63 90 220.5 2.0 10.0 1
-7.071067811865477 8.0 -7.071067811865475 0 63 95 225.0 2.0 10.0 1
-6.494480483301834 8.0 -7.604059656000311 0 62 100 229.5 2.0 10.0 1
-5.877852522924733 8.0 -8.090169943749473 0 61 104 234.0 2.0 10.0 1
-5.224985647159485 8.0 -8.526401643540924 0 60 107 238.5 2.0 10.0 1
-4.539904997395469 8.0 -8.910065241883679 0 59 110 243.0 2.0 10.0 1
-3.8268343236508953 8.0 -9.238795325112868 0 58 111 247.5 2.0 10.0 1
-3.0901699437494754 8.0 -9.510565162951535 0 56 112 252.0 2.0 10.0 1
-2.5678990024149564 8.0 -10.696069124374443 0 55 120 256.5 2.0 11.0 1
-1.8772135804827723 8.0 -11.852260087141651 0 53 127 261.0 2.0 12.0 1
-1.0199682444619809 8.0 -12.959925338530663 0 49 134 265.5 2.0 13.0 1
-2.5717582782094417e-15 8.0 -14.0 0 46 142 270.0 2.0 14.0 1
2.0399364889239755 8.0 -25.919850677061326 28 0 189 274.5 2.0 26.0 1
5.944509671528766 8.0 -37.53215694261524 85 0 241 279.0 2.0 38.0 1
8.404033098812604 8.0 -35.00531713431636 101 0 228 283.5 2.0 36.0 1
10.506577808748206 8.0 -32.335921554035224 113 0 216 288.0 2.0 34.0 1
12.24586983568288 8.0 -29.564145040361172 121 0 203 292.5 2.0 32.0 1
13.619714992186399 8.0 -26.73019572565104 127 0 190 297.0 2.0 30.0 1
15.152458376762521 8.0 -24.72656476626867 131 0 180 301.5 2.0 29.0 1
16.45798706418924 8.0 -22.652475842498532 134 0 170 306.0 2.0 28.0 1
16.88564925658478 8.0 -19.770555105600803 132 0 156 310.5 2.0 26.0 1
16.970562748477136 8.0 -16.970562748477143 129 0 142 315.0 2.0 24.0 1
17.489337208800713 8.0 -14.937305111594219 129 0 134 319.5 2.0 23.0 1
17.798373876248842 8.0 -12.931275550434414 130 0 126 324.0 2.0 22.0 1
17.90544345143594 8.0 -10.972469859034922 131 0 116 328.5 2.0 21.0 1
17.820130483767358 8.0 -9.079809994790939 132 0 106 333.0 2.0 20.0 1
17.55371111771445 8.0 -7.270985214936702 132 0 96 337.5 2.0 19.0 1
17.119017293312762 8.0 -5.562305898749058 131 0 88 342.0 2.0 18.0 1
16.530288646760503 8.0 -3.9685711855503882 129 0 81 346.5 2.0 17.0 1
15.803013449522203 8.0 -2.5029514406436975 128 0 74 351.0 2.0 16.0 1
14.95376000599692 8.0 -1.1768864359176712 126 0 67 355.5 2.0 15.0 1
14.666666666666666 9.333333333333332 0.0 138 0 63 0.0 2.333333333333333 14.666666666666666 1
14.621454228085875 9.333333333333332 1.1507334040083925 140 0 55 4.5 2.333333333333333 14.666666666666666 1
14.48609566206202 9.333333333333332 2.294372153923386 141 0 49 9.0 2.333333333333333 14.666666666666666 1
14.261425499165922 9.333333333333332 3.4238653365532787 142 0 42 13.5 2.333333333333333 14.666666666666666 1
13.948828905662252 9.333333333333332 4.532249250832562 142 0 34 18.0 2.333333333333333 14.666666666666666 1
13.550233143498872 9.333333333333332 5.61269034135465 142 0 25 22.5 2.333333333333333 14.666666666666666 1
13.068095688096061 9.333333333333332 6.658527329513352 142 0 16 27.0 2.333333333333333 14.666666666666666 1
11.936962300957292 9.333333333333332 7.314979906023283 138 0 8 31.5 2.333333333333333 14.0 1
11.326237921249264 9.333333333333332 8.228993532094623 137 0 0 36.0 2.333333333333333 14.0 1
8.36446562160034 9.333333333333332 7.14392853163202 120 3 0 40.5 2.333333333333333 11.0 1
6.128258770283412 9.333333333333332 6.128258770283412 107 30 0 45.0 2.333333333333333 8.666666666666666 1
4.979101703864741 9.333333333333332 5.829779069600237 101 36 0 49.5 2.333333333333333 7.666666666666666 0
3.9185683486164873 9.333333333333332 5.3934466291663155 94 42 2 54.0 2.333333333333333 6.666666666666666 0
3.4833237647729924 9.333333333333332 5.684267762360614 92 44 0 58.5 2.333333333333333 6.666666666666666 1
3.0266033315969785 9.333333333333332 5.940043494589118 89 46 0 63.0 2.333333333333333 6.666666666666666 1
2.168539450068842 9.333333333333332 5.235317350897291 84 48 1 67.5 2.333333333333333 5.666666666666666 0
1.648090636666386 9.333333333333332 5.072301420240818 81 50 1 72.0 2.333333333333333 5.333333333333332 0
1.0894116979942254 9.333333333333332 4.537726295189157 77 52 8 76.5 2.333333333333333 4.666666666666666 0
0.7300275035210776 9.333333333333332 4.609212256110642 75 53 5 81.0 2.333333333333333 4.666666666666666 0
0.3661424467299433 9.333333333333332 4.6522808907545965 73 54 3 85.5 2.333333333333333 4.666666666666666 0
2.85750919801049e-16 9.333333333333332 4.666666666666666 70 55 1 90.0 2.333333333333333 4.666666666666666 0
-0.36614244672994267 9.333333333333332 4.6522808907545965 68 56 0 94.5 2.333333333333333 4.666666666666666 0
-0.730027503521077 9.333333333333332 4.609212256110642 66 57 0 99.0 2.333333333333333 4.666666666666666 1
-1.0894116979942248 9.333333333333332 4.537726295189157 63 57 1 103.5 2.333333333333333 4.666666666666666 0
-1.4420793070830875 9.333333333333332 4.438263742710716 60 58 1 108.0 2.333333333333333 4.666666666666666 0
-1.785856017703752 9.333333333333332 4.311437818386004 57 59 5 112.5 2.333333333333333 4.666666666666666 0
-2.1186223321178845 9.333333333333332 4.158030446212383 54 60 8 117.0 2.333333333333333 4.666666666666666 0
-2.9608252000570427 9.333333333333332 4.831627598006523 47 62 0 121.5 2.333333333333333 5.666666666666666 1
-3.9185683486164864 9.333333333333332 5.3934466291663155 41 64 0 126.0 2.333333333333333 6.666666666666666 1
-4.97910170386474 9.333333333333332 5.829779069600237 26 66 0 130.5 2.333333333333333 7.666666666666666 1
-6.128258770283411 9.333333333333332 6.128258770283412 0 68 0 135.0 2.333333333333333 8.666666666666666 1
-8.110996966400329 9.333333333333332 6.927445848855293 0 71 0 139.5 2.333333333333333 10.666666666666666 1
-10.247548595416 9.333333333333332 7.445279862371327 0 73 0 144.0 2.333333333333333 12.666666666666666 1
-13.642242629665473 9.333333333333332 8.35997703545518 0 76 0 148.5 2.333333333333333 15.999999999999998 1
-16.03811743539062 9.333333333333332 8.171828995311843 0 78 11 153.0 2.333333333333333 18.0 1
-16.62983158520316 9.333333333333332 6.888301782571618 0 78 25 157.5 2.333333333333333 18.0 1
-17.119017293312762 9.333333333333332 5.562305898749055 0 78 34 162.0 2.333333333333333 18.0 1
-17.50265856715818 9.333333333333332 4.2020165494062995 0 78 39 166.5 2.333333333333333 18.0 1
-17.778390130712477 9.333333333333332 2.8158203707241576 0 78 45 171.0 2.333333333333333 18.0 1
-17.944512007196302 9.333333333333332 1.4122637231012112 0 78 50 175.5 2.333333333333333 18.0 1
-18.0 9.333333333333332 2.204364238465236e-15 0 78 56 180.0 2.333333333333333 18.0 1
-16.947594673463175 9.333333333333332 -1.333804627373362 0 77 62 184.5 2.333333333333333 17.0 1
-15.803013449522203 9.333333333333332 -2.5029514406436912 0 77 66 189.0 2.333333333333333 15.999999999999998 1
-14.585548805965148 9.333333333333332 -3.501680457838579 0 76 74 193.5 2.333333333333333 14.999999999999998 1
-13.31479122813215 9.333333333333332 -4.326237921249262 0 76 79 198.0 2.333333333333333 13.999999999999998 1
-12.318393766817158 9.333333333333332 -5.102445764867862 0 75 84 202.5 2.333333333333333 13.333333333333332 1
-11.880086989178238 9.333333333333332 -6.053206663193954 0 75 88 207.0 2.333333333333333 13.333333333333332 1
-10.515895360367137 9.333333333333332 -6.444148964830033 0 74 94 211.5 2.333333333333333 12.333333333333332 1
-9.168859269582736 9.333333333333332 -6.661566192648027 0 73 98 216.0 2.333333333333333 11.333333333333332 1
-8.617934276800352 9.333333333333332 -7.360411214408746 0 73 102 220.5 2.333333333333333 11.333333333333332 1
-7.542472332656509 9.333333333333332 -7.542472332656506 0 71 106 225.0 2.333333333333333 10.666666666666666 1
-6.92744584885529 9.333333333333332 -8.110996966400332 0 70 111 229.5 2.333333333333333 10.666666666666666 1
-6.269709357786381 9.333333333333332 -8.629514606666104 0 69 116 234.0 2.333333333333333 10.666666666666666 1
-5.5733180236367845 9.333333333333332 -9.094828419776984 0 68 119 238.5 2.333333333333333 10.666666666666666 1
-4.842565330555167 9.333333333333332 -9.504069591342589 0 67 122 243.0 2.333333333333333 10.666666666666666 1
-4.337078900137681 9.333333333333332 -10.470634701794584 0 66 128 247.5 2.333333333333333 11.333333333333332 1
-3.502192602916072 9.333333333333332 -10.77864051801174 0 65 129 252.0 2.333333333333333 11.333333333333332 1
-2.879159487556163 9.333333333333332 -11.992562351571344 0 63 137 256.5 2.333333333333333 12.333333333333332 1
-1.9815032238429264 9.333333333333332 -12.510718980871744 0 61 140 261.0 2.333333333333333 12.666666666666666 1
-1.124580372099107 9.333333333333332 -14.289148450174833 0 57 152 265.5 2.333333333333333 14.333333333333332 1
-2.816687638038912e-15 9.333333333333332 -15.333333333333332 0 53 159 270.0 2.333333333333333 15.333333333333332 1
2.144548616561102 9.333333333333332 -27.24907378870549 23 0 210 274.5 2.333333333333333 27.33333333333333 1
5.735930384808458 9.333333333333332 -36.21523915515505 84 0 248 279.0 2.333333333333333 36.666666666666664 1
8.404033098812604 9.333333333333332 -35.00531713431636 106 0 240 283.5 2.333333333333333 36.0 1
10.506577808748206 9.333333333333332 -32.335921554035224 118 0 227 288.0 2.333333333333333 34.0 1
12.24586983568288 9.333333333333332 -29.564145040361172 127 0 212 292.5 2.333333333333333 32.0 1
14.225035658505792 9.333333333333332 -27.91820442456886 137 0 206 297.0 2.333333333333333 31.33333333333333 1
15.84912312971712 9.333333333333332 -25.86341831874079 143 0 196 301.5 2.333333333333333 30.333333333333332 1
17.241700733912538 9.333333333333332 -23.731165168331795 146 0 185 306.0 2.333333333333333 29.333333333333332 1
18.18454535324515 9.333333333333332 -21.291367036800864 148 0 173 310.5 2.333333333333333 28.0 1
18.38477631085023 9.333333333333332 -18.38477631085024 145 0 159 315.0 2.333333333333333 26.0 1
19.010149140000777 9.333333333333332 -16.236201208254585 146 0 150 319.5 2.333333333333333 25.0 1
18.877063202082105 9.333333333333332 -13.714989220157712 145 0 138 324.0 2.333333333333333 23.333333333333332 1
18.473870227672 9.333333333333332 -11.32080223551222 146 0 124 328.5 2.333333333333333 21.666666666666664 1
18.414134833226264 9.333333333333332 -9.382470327950637 147 0 114 333.0 2.333333333333333 20.666666666666664 1
18.169630806055306 9.333333333333332 -7.526107503180094 146 0 103 337.5 2.333333333333333 19.666666666666664 1
17.753054970842864 9.333333333333332 -5.768317228332356 145 0 94 342.0 2.333333333333333 18.666666666666664 1
17.178535260358952 9.333333333333332 -4.124201428120991 145 0 85 346.5 2.333333333333333 17.666666666666664 1
16.461472343252293 9.333333333333332 -2.607241084003851 143 0 78 351.0 2.333333333333333 16.666666666666664 1
15.618371561819004 9.333333333333332 -1.2291924997362345 141 0 69 355.5 2.333333333333333 15.666666666666666 1
15.333333333333332 10.666666666666666 0.0 154 0 65 0.0 2.6666666666666665 15.333333333333332 1
15.286065783907961 10.666666666666666 1.2030394678269558 154 0 57 4.5 2.6666666666666665 15.333333333333332 1
15.144554555792112 10.666666666666666 2.39866179728354 156 0 50 9.0 2.6666666666666665 15.333333333333332 1
14.909672112764373 10.666666666666666 3.5794955791238823 156 0 42 13.5 2.6666666666666665 15.333333333333332 1
14.582866583192352 10.666666666666666 4.73826058041586 156 0 34 18.0 2.6666666666666665 15.333333333333332 1
14.166152831839728 10.666666666666666 5.867812629598043 156 0 23 22.5 2.6666666666666665 15.333333333333332 1
13.662100037554973 10.666666666666666 6.96118766267305 155 0 12 27.0 2.6666666666666665 15.333333333333332 1
12.221175689075322 10.666666666666666 7.489146094261932 149 0 3 31.5 2.6666666666666665 14.333333333333332 1
11.326237921249264 10.666666666666666 8.228993532094623 146 0 0 36.0 2.6666666666666665 14.0 1
8.61793427680035 10.666666666666666 7.360411214408748 130 18 0 40.5 2.6666666666666665 11.333333333333332 1
6.599663291074443 10.666666666666666 6.599663291074443 118 37 0 45.0 2.6666666666666665 9.333333333333332 1
5.412067069418196 10.666666666666666 6.336716380000257 112 43 0 49.5 2.6666666666666665 8.333333333333332 1
4.310425183478136 10.666666666666666 5.932791292082948 105 48 0 54.0 2.6666666666666665 7.333333333333333 0
3.8316561412502916 10.666666666666666 6.252694538596676 103 50 0 58.5 2.6666666666666665 7.333333333333333 1
3.3292636647566765 10.666666666666666 6.53404784404803 100 52 0 63.0 2.6666666666666665 7.333333333333333 1
2.551222882433932 10.666666666666666 6.159196883408578 95 55 0 67.5 2.6666666666666665 6.666666666666666 1
2.060113295832983 10.666666666666666 6.340376775301023 93 57 0 72.0 2.6666666666666665 6.666666666666666 1
1.322857061850131 10.666666666666666 5.510096215586834 88 59 1 76.5 2.6666666666666665 5.666666666666666 0
0.8343171468812316 10.666666666666666 5.2676711498407345 85 60 3 81.0 2.6666666666666665 5.333333333333333 0
0.4184485105485066 10.666666666666666 5.3168924465766825 82 61 1 85.5 2.6666666666666665 5.333333333333333 0
3.265724797726275e-16 10.666666666666666 5.333333333333333 80 62 0 90.0 2.6666666666666665 5.333333333333333 1
-0.41844851054850596 10.666666666666666 5.3168924465766825 77 63 0 94.5 2.6666666666666665 5.333333333333333 1
-0.8343171468812309 10.666666666666666 5.2676711498407345 74 64 0 99.0 2.6666666666666665 5.333333333333333 1
-1.2450419405648283 10.666666666666666 5.185972908787608 72 65 0 103.5 2.6666666666666665 5.333333333333333 1
-1.6480906366663857 10.666666666666666 5.072301420240819 69 66 0 108.0 2.6666666666666665 5.333333333333333 1
-2.040978305947145 10.666666666666666 4.927357506726862 64 67 0 112.5 2.6666666666666665 5.333333333333333 0
-2.4212826652775825 10.666666666666666 4.752034795671295 61 68 4 117.0 2.6666666666666665 5.333333333333333 0
-3.3091575765343424 10.666666666666666 5.400054374242584 54 70 0 121.5 2.6666666666666665 6.333333333333333 1
-4.310425183478135 10.666666666666666 5.932791292082948 47 72 0 126.0 2.6666666666666665 7.333333333333333 1
-5.412067069418195 10.666666666666666 6.336716380000257 32 74 0 130.5 2.6666666666666665 8.333333333333332 1
-6.599663291074442 10.666666666666666 6.599663291074443 0 77 0 135.0 2.6666666666666665 9.333333333333332 1
-8.61793427680035 10.666666666666666 7.360411214408749 0 80 0 139.5 2.6666666666666665 11.333333333333332 1
-10.786893258332631 10.666666666666666 7.837136697232977 0 82 0 144.0 2.6666666666666665 13.333333333333334 1
-14.779096182137597 10.666666666666666 9.056641788409781 0 86 0 148.5 2.6666666666666665 17.333333333333332 1
-17.820130483767358 10.666666666666666 9.079809994790937 0 88 13 153.0 2.6666666666666665 20.0 1
-18.477590650225736 10.666666666666666 7.653668647301798 0 88 28 157.5 2.6666666666666665 20.0 1
-19.02113032590307 10.666666666666666 6.18033988749895 0 88 39 162.0 2.6666666666666665 20.0 1
-19.447398407953532 10.666666666666666 4.668907277118111 0 88 44 166.5 2.6666666666666665 20.0 1
-19.753766811902754 10.666666666666666 3.1286893008046195 0 88 51 171.0 2.6666666666666665 20.0 1
-19.938346674662558 10.666666666666666 1.5691819145569013 0 88 56 175.5 2.6666666666666665 20.0 1
-20.0 10.666666666666666 2.4492935982947065e-15 0 88 63 180.0 2.6666666666666665 20.0 1
-18.94142934092943 10.666666666666666 -1.4907228188290516 0 87 69 184.5 2.6666666666666665 19.0 1
-17.77839013071248 10.666666666666666 -2.815820370724153 0 87 75 189.0 2.6666666666666665 18.0 1
-16.530288646760503 10.666666666666666 -3.9685711855503896 0 86 83 193.5 2.6666666666666665 17.0 1
-15.216904260722456 10.666666666666666 -4.944271909999156 0 86 89 198.0 2.6666666666666665 15.999999999999998 1
-13.858192987669304 10.666666666666666 -5.740251485476345 0 85 94 202.5 2.6666666666666665 15.0 1
-13.068095688096061 10.666666666666666 -6.65852732951335 0 85 99 207.0 2.6666666666666665 14.666666666666666 1
-11.652748912839263 10.666666666666666 -7.140813717784632 0 84 105 211.5 2.6666666666666665 13.666666666666668 1
-10.247548595416003 10.666666666666666 -7.445279862371326 0 83 110 216.0 2.6666666666666665 12.666666666666668 1
-9.378340242400384 10.666666666666666 -8.009859262738932 0 82 114 220.5 2.6666666666666665 12.333333333333334 1
-8.01387685344754 10.666666666666666 -8.013876853447536 0 80 117 225.0 2.6666666666666665 11.333333333333332 1
-7.360411214408745 10.666666666666666 -8.617934276800352 0 79 123 229.5 2.6666666666666665 11.333333333333332 1
-6.66156619264803 10.666666666666666 -9.168859269582736 0 78 128 234.0 2.6666666666666665 11.333333333333332 1
-5.921650400114083 10.666666666666666 -9.663255196013047 0 77 131 238.5 2.6666666666666665 11.333333333333332 1
-5.145225663714864 10.666666666666666 -10.0980739408015 0 76 134 243.0 2.6666666666666665 11.333333333333332 1
-4.71976233250277 10.666666666666666 -11.394514234305872 0 75 142 247.5 2.6666666666666665 12.333333333333334 1
-3.9142152620826693 10.666666666666666 -12.046715873071946 0 74 146 252.0 2.6666666666666665 12.666666666666668 1
-3.1126048514120686 10.666666666666666 -12.964932271969023 0 72 152 256.5 2.6666666666666665 13.333333333333334 1
-2.0857928672030805 10.666666666666666 -13.169177874601836 0 69 153 261.0 2.6666666666666665 13.333333333333334 1
-1.2030394678269518 10.666666666666666 -15.286065783907963 0 65 168 265.5 2.6666666666666665 15.333333333333334 1
-3.0616169978683823e-15 10.666666666666666 -16.666666666666664 0 61 177 270.0 2.6666666666666665 16.666666666666664 1
2.144548616561102 10.666666666666666 -27.249073788705495 0 0 221 274.5 2.6666666666666665 27.333333333333332 1
5.5273510980881495 10.666666666666666 -34.89832136769486 81 0 254 279.0 2.6666666666666665 35.33333333333333 1
8.248402856242 10.666666666666666 -34.357070520717905 108 0 249 283.5 2.6666666666666665 35.333333333333336 1
10.506577808748206 10.666666666666666 -32.335921554035224 124 0 239 288.0 2.6666666666666665 34.0 1
12.500992123926272 10.666666666666666 -30.18006472870203 135 0 226 292.5 2.6666666666666665 32.666666666666664 1
14.830356324825189 10.666666666666666 -29.106213123486686 147 0 221 297.0 2.6666666666666665 32.666666666666664 1
16.545787882671718 10.666666666666666 -27.000271871212913 154 0 211 301.5 2.6666666666666665 31.666666666666664 1
18.025414403635835 10.666666666666666 -24.809854494165055 159 0 201 306.0 2.6666666666666665 30.666666666666664 1
19.266958767128788 10.666666666666666 -22.558710312800912 163 0 189 310.5 2.6666666666666665 29.666666666666664 1
19.798989873223327 10.666666666666666 -19.798989873223334 162 0 176 315.0 2.6666666666666665 28.0 1
20.277492416000825 10.666666666666666 -17.318614622138224 162 0 165 319.5 2.6666666666666665 26.666666666666664 1
19.955752527915365 10.666666666666666 -14.498702889881008 160 0 151 324.0 2.6666666666666665 24.666666666666664 1
19.32651039202609 10.666666666666666 -11.84330080022817 161 0 134 328.5 2.6666666666666665 22.666666666666664 1
19.00813918268518 10.666666666666666 -9.685130661110337 161 0 122 333.0 2.6666666666666665 21.333333333333336 1
18.78555049439617 10.666666666666666 -7.781229791423488 161 0 111 337.5 2.6666666666666665 20.333333333333336 1
18.387092648372967 10.666666666666666 -5.974328557915655 160 0 101 342.0 2.6666666666666665 19.333333333333332 1
17.826781873957405 10.666666666666666 -4.279831670691595 159 0 91 346.5 2.6666666666666665 18.333333333333332 1
17.119931236982385 10.666666666666666 -2.7115307273640052 158 0 83 351.0 2.6666666666666665 17.333333333333332 1
16.282983117641088 10.666666666666666 -1.2814985635547975 156 0 73 355.5 2.6666666666666665 16.333333333333332 1
16.0 12.0 0.0 169 0 67 0.0 3.0 16.0 1
15.950677339730047 12.0 1.255345531645519 170 0 58 4.5 3.0 16.0 1
15.803013449522204 12.0 2.502951440643694 170 0 50 9.0 3.0 16.0 1
15.557918726362825 12.0 3.7351258216944863 170 0 41 13.5 3.0 16.0 1
15.216904260722456 12.0 4.944271909999158 170 0 33 18.0 3.0 16.0 1
14.782072520180588 12.0 6.1229349178414365 170 0 21 22.5 3.0 16.0 1
14.256104387013886 12.0 7.263847995832748 169 0 7 27.0 3.0 16.0 1
12.789602465311384 12.0 7.8374784707392315 162 0 0 31.5 3.0 15.0 1
11.326237921249264 12.0 8.228993532094623 156 0 0 36.0 3.0 14.0 1
9.12487158720037 12.0 7.793376579962204 142 27 0 40.5 3.0 12.0 1
7.0710678118654755 12.0 7.0710678118654755 130 44 0 45.0 3.0 10.0 1
5.845032434971653 12.0 6.843653690400278 123 50 0 49.5 3.0 9.0 1
4.702282018339785 12.0 6.47213595499958 117 55 0 54.0 3.0 8.0 1
4.179988517727591 12.0 6.821121314832737 114 57 0 58.5 3.0 8.0 1
3.6319239979163744 12.0 7.128052193506942 111 59 0 63.0 3.0 8.0 1
3.0614674589207187 12.0 7.391036260090294 108 61 0 67.5 3.0 8.0 1
2.4721359549995796 12.0 7.608452130361228 105 63 0 72.0 3.0 8.0 1
1.6341175469913383 12.0 6.806589442783736 100 65 0 76.5 3.0 7.0 1
0.9386067902413855 12.0 5.926130043570827 95 68 0 81.0 3.0 6.0 1
0.47075457436707 12.0 5.981504002398768 92 69 0 85.5 3.0 6.0 1
3.6739403974420594e-16 12.0 6.0 89 70 0 90.0 3.0 6.0 1
-0.47075457436706925 12.0 5.981504002398768 86 71 0 94.5 3.0 6.0 1
-0.9386067902413848 12.0 5.926130043570827 83 72 0 99.0 3.0 6.0 1
-1.400672183135432 12.0 5.83421952238606 80 73 0 103.5 3.0 6.0 1
-1.854101966249684 12.0 5.706339097770922 77 74 0 108.0 3.0 6.0 1
-2.2961005941905386 12.0 5.54327719506772 73 76 0 112.5 3.0 6.0 1
-2.7239429984372805 12.0 5.346039145130208 68 77 0 117.0 3.0 6.0 1
-3.6574899530116416 12.0 5.968481150478646 61 79 0 121.5 3.0 7.0 1
-4.702282018339784 12.0 6.47213595499958 53 81 0 126.0 3.0 8.0 1
-5.845032434971652 12.0 6.843653690400278 36 83 0 130.5 3.0 9.0 1
-7.071067811865475 12.0 7.0710678118654755 4 86 0 135.0 3.0 10.0 1
-9.12487158720037 12.0 7.793376579962205 0 89 0 139.5 3.0 12.0 1
-11.326237921249263 12.0 8.228993532094625 0 91 0 144.0 3.0 14.0 1
-15.34752295837366 12.0 9.404974164887081 0 95 0 148.5 3.0 18.0 1
-19.60214353214409 12.0 9.98779099427003 0 98 15 153.0 3.0 22.0 1
-20.325349715248308 12.0 8.419035512031977 0 98 31 157.5 3.0 22.0 1
-20.923243358493377 12.0 6.798373876248845 0 98 44 162.0 3.0 22.0 1
-21.392138248748886 12.0 5.135798004829922 0 98 50 166.5 3.0 22.0 1
-21.72914349309303 12.0 3.4415582308850814 0 98 57 171.0 3.0 22.0 1
-21.932181342128814 12.0 1.7261001060125916 0 98 63 175.5 3.0 22.0 1
-22.0 12.0 2.6942229581241772e-15 0 98 70 180.0 3.0 22.0 1
-20.935264008395688 12.0 -1.6476410102847412 0 98 76 184.5 3.0 21.0 1
-19.753766811902757 12.0 -3.1286893008046146 0 97 83 189.0 3.0 20.0 1
-18.475028487555857 12.0 -4.4354619132622 0 97 91 193.5 3.0 19.0 1
-17.119017293312766 12.0 -5.5623058987490515 0 96 100 198.0 3.0 18.0 1
-15.705952052691876 12.0 -6.505618350206524 0 96 105 202.5 3.0 17.0 1
-14.256104387013886 12.0 -7.263847995832746 0 95 109 207.0 3.0 16.0 1
-12.789602465311384 12.0 -7.837478470739231 0 94 116 211.5 3.0 15.0 1
-11.326237921249264 12.0 -8.228993532094622 0 93 122 216.0 3.0 14.0 1
-9.885277552800403 12.0 -8.442824628292387 0 91 125 220.5 3.0 13.0 1
-8.485281374238571 12.0 -8.48528137423857 0 90 128 225.0 3.0 12.0 1
-7.793376579962201 12.0 -9.124871587200374 0 89 134 229.5 3.0 12.0 1
-7.0534230275096785 12.0 -9.708203932499368 0 87 140 234.0 3.0 12.0 1
-6.269982776591383 12.0 -10.23168197224911 0 86 143 238.5 3.0 12.0 1
-5.447885996874563 12.0 -10.692078290260413 0 85 147 243.0 3.0 12.0 1
-4.974884620746163 12.0 -12.01043392264673 0 84 155 247.5 3.0 13.0 1
-4.326237921249266 12.0 -13.31479122813215 0 83 163 252.0 3.0 14.0 1
-3.268235093982672 12.0 -13.613178885567473 0 81 165 256.5 3.0 14.0 1
-2.1900825105632347 12.0 -13.827636768331928 0 77 166 261.0 3.0 14.0 1
-1.2553455316455149 12.0 -15.950677339730047 0 74 181 265.5 3.0 16.0 1
-3.3065463576978533e-15 12.0 -18.0 0 69 196 270.0 3.0 18.0 1
2.0399364889239755 12.0 -25.919850677061326 0 35 225 274.5 3.0 26.0 1
5.318771811367843 12.0 -33.581403580234685 77 0 255 279.0 3.0 34.0 1
7.9371423711007925 12.0 -33.060577293521 106 0 255 283.5 3.0 34.0 1
10.506577808748206 12.0 -32.335921554035224 129 0 250 288.0 3.0 34.0 1
13.01123670041306 12.0 -31.411904105383744 144 0 244 292.5 3.0 34.0 1
15.435676991144586 12.0 -30.294221822404513 157 0 237 297.0 3.0 34.0 1
17.242452635626318 12.0 -28.13712542368504 164 0 227 301.5 3.0 33.0 1
18.809128073359133 12.0 -25.888543819998322 171 0 216 306.0 3.0 32.0 1
20.1328894982357 12.0 -23.572584933600954 175 0 205 310.5 3.0 31.0 1
21.21320343559642 12.0 -21.21320343559643 179 0 194 315.0 3.0 30.0 1
21.29136703680087 12.0 -18.184545353245134 177 0 178 319.5 3.0 28.0 1
21.034441853748632 12.0 -15.282416559604307 176 0 163 324.0 3.0 26.0 1
20.463363944498216 12.0 -12.539965553182768 176 0 147 328.5 3.0 24.0 1
19.60214353214409 12.0 -9.987790994270034 176 0 131 333.0 3.0 22.0 1
19.401470182737025 12.0 -8.03635207966688 175 0 119 337.5 3.0 21.0 1
19.02113032590307 12.0 -6.1803398874989535 175 0 108 342.0 3.0 20.0 1
18.475028487555857 12.0 -4.435461913262198 174 0 97 346.5 3.0 19.0 1
17.778390130712477 12.0 -2.81582037072416 173 0 87 351.0 3.0 18.0 1
16.947594673463175 12.0 -1.3338046273733608 171 0 77 355.5 3.0 17.0 1
17.333333333333332 13.333333333333332 0.0 185 0 73 0.0 3.333333333333333 17.333333333333332 1
17.279900451374218 13.333333333333332 1.3599576592826457 186 0 64 4.5 3.333333333333333 17.333333333333332 1
16.461472343252293 13.333333333333332 2.6072410840038476 184 0 56 9.0 3.333333333333333 16.666666666666664 1
16.206165339961274 13.333333333333332 3.8907560642650894 184 0 44 13.5 3.333333333333333 16.666666666666664 1
15.850941938252557 13.333333333333332 5.150283239582456 183 0 35 18.0 3.333333333333333 16.666666666666664 1
16.013911896862304 13.333333333333332 6.633179494328222 185 0 19 22.5 3.333333333333333 17.333333333333332 1
15.44411308593171 13.333333333333332 7.869168662152143 184 0 3 27.0 3.333333333333333 17.333333333333332 1
13.926456017783506 13.333333333333332 8.53414322369383 176 0 0 31.5 3.333333333333333 16.333333333333332 1
11.865582584165896 13.333333333333332 8.620850366956272 167 0 0 36.0 3.333333333333333 14.666666666666666 1
9.631808897600392 13.333333333333332 8.22634194551566 155 34 0 40.5 3.333333333333333 12.666666666666666 1
7.542472332656507 13.333333333333332 7.542472332656507 142 51 0 45.0 3.333333333333333 10.666666666666666 1
6.710963166078564 13.333333333333332 7.857528311200319 137 55 0 49.5 3.333333333333333 10.333333333333332 1
5.485995688063082 13.333333333333332 7.550825280832842 130 61 0 54.0 3.333333333333333 9.333333333333332 1
4.876653270682189 13.333333333333332 7.957974867304859 127 63 0 58.5 3.333333333333333 9.333333333333332 1
3.934584331076072 13.333333333333332 7.722056542965854 122 67 0 63.0 3.333333333333333 8.666666666666666 1
3.3165897471641115 13.333333333333332 8.006955948431152 118 69 0 67.5 3.333333333333333 8.666666666666666 1
2.6781472845828778 13.333333333333332 8.24248980789133 115 71 0 72.0 3.333333333333333 8.666666666666666 1
1.7897477895619418 13.333333333333332 7.454836056382186 110 73 0 76.5 3.333333333333333 7.666666666666666 1
1.1471860769616933 13.333333333333332 7.243047831031009 106 75 0 81.0 3.333333333333333 7.333333333333332 1
0.5753667020041966 13.333333333333332 7.310727114042937 103 76 0 85.5 3.333333333333333 7.333333333333332 1
4.0821559971578437e-16 13.333333333333332 6.666666666666666 99 78 0 90.0 3.333333333333333 6.666666666666666 1
-0.5230606381856324 13.333333333333332 6.646115558220853 96 79 0 94.5 3.333333333333333 6.666666666666666 1
-1.0428964336015387 13.333333333333332 6.584588937300918 93 80 0 99.0 3.333333333333333 6.666666666666666 1
-1.5563024257060354 13.333333333333332 6.48246613598451 89 82 0 103.5 3.333333333333333 6.666666666666666 1
-2.060113295832982 13.333333333333332 6.340376775301023 86 83 0 108.0 3.333333333333333 6.666666666666666 1
-2.5512228824339314 13.333333333333332 6.159196883408578 81 84 0 112.5 3.333333333333333 6.666666666666666 1
-3.026603331596978 13.333333333333332 5.940043494589119 76 85 0 117.0 3.333333333333333 6.666666666666666 1
-4.00582232948894 13.333333333333332 6.536907926714707 69 87 0 121.5 3.333333333333333 7.666666666666666 1
-5.094138853201432 13.333333333333332 7.01148061791621 61 89 0 126.0 3.333333333333333 8.666666666666666 1
-6.277997800525108 13.333333333333332 7.350591000800298 43 92 0 130.5 3.333333333333333 9.666666666666666 1
-7.542472332656506 13.333333333333332 7.542472332656507 10 95 0 135.0 3.333333333333333 10.666666666666666 1
-9.631808897600392 13.333333333333332 8.22634194551566 0 98 0 139.5 3.333333333333333 12.666666666666666 1
-11.865582584165894 13.333333333333332 8.620850366956274 0 101 0 144.0 3.333333333333333 14.666666666666666 1
-15.915949734609718 13.333333333333332 9.753306541364378 0 105 0 148.5 3.333333333333333 18.666666666666664 1
-20.790152231061914 13.333333333333332 10.593111660589425 0 108 16 153.0 3.333333333333333 23.333333333333332 1
-21.557189091930024 13.333333333333332 8.929280088518764 0 108 36 157.5 3.333333333333333 23.333333333333332 1
-22.19131871355358 13.333333333333332 7.210396535415441 0 108 49 162.0 3.333333333333333 23.333333333333332 1
-22.688631475945783 13.333333333333332 5.447058489971128 0 108 56 166.5 3.333333333333333 23.33333333333333 1
-23.04606128055321 13.333333333333332 3.650137517605389 0 109 63 171.0 3.333333333333333 23.333333333333332 1
-23.261404453772982 13.333333333333332 1.830712233649718 0 108 70 175.5 3.333333333333333 23.33333333333333 1
-23.333333333333332 13.333333333333332 2.8575091980104907e-15 0 109 77 180.0 3.333333333333333 23.333333333333332 1
-22.264487120039853 13.333333333333332 -1.7522531379218673 0 108 84 184.5 3.333333333333333 22.33333333333333 1
-21.070684599362938 13.333333333333332 -3.337268587524922 0 108 91 189.0 3.333333333333333 21.333333333333332 1
-19.123275101154306 13.333333333333332 -4.591092155832803 0 107 100 193.5 3.333333333333333 19.666666666666664 1
-17.753054970842864 13.333333333333332 -5.768317228332348 0 106 109 198.0 3.333333333333333 18.666666666666664 1
-16.321871741032734 13.333333333333332 -6.760740638449916 0 106 115 202.5 3.333333333333333 17.666666666666664 1
-14.850108736472796 13.333333333333332 -7.566508328992443 0 105 120 207.0 3.333333333333333 16.666666666666664 1
-13.358029241547445 13.333333333333332 -8.18581084721653 0 104 126 211.5 3.333333333333333 15.666666666666666 1
-11.865582584165896 13.333333333333332 -8.62085036695627 0 103 133 216.0 3.333333333333333 14.666666666666666 1
-10.899152173600443 13.333333333333332 -9.308755359399298 0 102 139 220.5 3.333333333333333 14.333333333333332 1
-9.428090415820636 13.333333333333332 -9.428090415820632 0 100 142 225.0 3.333333333333333 13.333333333333332 1
-8.226341945515657 13.333333333333332 -9.631808897600393 0 98 146 229.5 3.333333333333333 12.666666666666666 1
-7.445279862371327 13.333333333333332 -10.247548595416 0 97 153 234.0 3.333333333333333 12.666666666666666 1
-6.618315153068681 13.333333333333332 -10.80010874848517 0 95 156 238.5 3.333333333333333 12.666666666666666 1
-5.75054633003426 13.333333333333332 -11.286082639719325 0 94 159 243.0 3.333333333333333 12.666666666666666 1
-5.230006908989556 13.333333333333332 -12.626353610987586 0 93 167 247.5 3.333333333333333 13.666666666666666 1
-4.532249250832564 13.333333333333332 -13.948828905662252 0 92 176 252.0 3.333333333333333 14.666666666666666 1
-3.5794955791238787 13.333333333333332 -14.909672112764374 0 90 182 256.5 3.333333333333333 15.333333333333332 1
-2.3986617972835425 13.333333333333332 -15.14455455579211 0 86 184 261.0 3.333333333333333 15.333333333333332 1
-1.3076515954640777 13.333333333333332 -16.61528889555213 0 83 194 265.5 3.333333333333333 16.666666666666664 1
-3.4290110376125885e-15 13.333333333333332 -18.666666666666664 0 78 210 270.0 3.333333333333333 18.666666666666664 1
2.0922425527425386 13.333333333333332 -26.58446223288341 0 46 241 274.5 3.333333333333333 26.666666666666664 1
4.901613237927228 13.333333333333332 -30.94756800531432 75 0 255 279.0 3.333333333333333 31.333333333333336 1
7.314621400818378 13.333333333333332 -30.4675908391272 105 0 255 283.5 3.333333333333333 31.333333333333336 1
10.09455514958161 13.333333333333332 -31.067846198975023 130 0 255 288.0 3.333333333333333 32.66666666666667 1
12.756114412169667 13.333333333333332 -30.795984417042888 149 0 251 292.5 3.333333333333333 33.333333333333336 1
15.13301665798489 13.333333333333332 -29.700217472945603 162 0 245 297.0 3.333333333333333 33.333333333333336 1
17.242452635626318 13.333333333333332 -28.13712542368504 172 0 237 301.5 3.333333333333333 33.0 1
18.809128073359133 13.333333333333332 -25.888543819998322 179 0 226 306.0 3.333333333333333 32.0 1
20.1328894982357 13.333333333333332 -23.572584933600954 183 0 215 310.5 3.333333333333333 31.0 1
21.68460795638745 13.333333333333332 -21.68460795638746 191 0 205 315.0 3.333333333333333 30.666666666666664 1
21.798304347200887 13.333333333333332 -18.61751071879859 190 0 188 319.5 3.333333333333333 28.666666666666664 1
22.113131179581895 13.333333333333332 -16.066130229327605 192 0 176 324.0 3.333333333333333 27.333333333333336 1
21.600217496970334 13.333333333333332 -13.236630306137364 191 0 157 328.5 3.333333333333333 25.33333333333333 1
20.790152231061914 13.333333333333332 -10.593111660589429 191 0 141 333.0 3.333333333333333 23.333333333333332 1
20.633309559418734 13.333333333333332 -8.546596656153666 190 0 129 337.5 3.333333333333333 22.33333333333333 1
19.65516800343317 13.333333333333332 -6.386351217082251 188 0 115 342.0 3.333333333333333 20.666666666666664 1
19.123275101154306 13.333333333333332 -4.5910921558328015 188 0 104 346.5 3.333333333333333 19.666666666666664 1
18.436849024442566 13.333333333333332 -2.9201100140843135 187 0 93 351.0 3.333333333333333 18.666666666666664 1
17.61220622928526 13.333333333333332 -1.3861106911919236 184 0 83 355.5 3.333333333333333 17.666666666666664 1
18.666666666666664 14.666666666666666 0.0 202 0 79 0.0 3.6666666666666665 18.666666666666664 1
18.276817785107344 14.666666666666666 1.4384167550104905 201 0 70 4.5 3.6666666666666665 18.333333333333332 1
17.11993123698239 14.666666666666666 2.7115307273640017 197 0 61 9.0 3.6666666666666665 17.333333333333332 1
16.854411953559726 14.666666666666666 4.046386306835693 197 0 48 13.5 3.6666666666666665 17.333333333333332 1
16.48497961578266 14.666666666666666 5.356294569165755 197 0 38 18.0 3.6666666666666665 17.333333333333332 1
16.93779142937359 14.666666666666666 7.015862926693313 200 0 19 22.5 3.6666666666666665 18.333333333333332 1
16.63212178484953 14.666666666666666 8.474489328471538 200 0 0 27.0 3.6666666666666665 18.666666666666664 1
14.779096182137598 14.666666666666666 9.05664178840978 190 0 0 31.5 3.6666666666666665 17.333333333333332 1
12.404927247082526 14.666666666666666 9.012707201817921 178 18 0 36.0 3.6666666666666665 15.333333333333332 1
10.138746208000411 14.666666666666666 8.659307311069115 167 41 0 40.5 3.6666666666666665 13.333333333333332 1
8.013876853447538 14.666666666666666 8.013876853447538 154 58 0 45.0 3.6666666666666665 11.333333333333332 1
7.360411214408748 14.666666666666666 8.61793427680035 150 62 0 49.5 3.6666666666666665 11.333333333333332 1
6.26970935778638 14.666666666666666 8.629514606666106 144 67 0 54.0 3.6666666666666665 10.666666666666666 1
5.399151835398138 14.666666666666666 8.810615031658951 140 70 0 58.5 3.6666666666666665 10.333333333333332 1
4.23724466423577 14.666666666666666 8.316060892424765 133 74 0 63.0 3.6666666666666665 9.333333333333332 1
3.5717120354075047 14.666666666666666 8.622875636772008 129 76 0 67.5 3.6666666666666665 9.333333333333332 1
2.884158614166176 14.666666666666666 8.876527485421432 126 78 0 72.0 3.6666666666666665 9.333333333333332 1
2.0231931534178473 14.666666666666666 8.427205976779863 121 81 0 76.5 3.6666666666666665 8.666666666666666 1
1.3557653636820013 14.666666666666666 8.559965618491194 118 83 0 81.0 3.6666666666666665 8.666666666666666 1
0.6538257977320415 14.666666666666666 8.307644447776065 114 84 0 85.5 3.6666666666666665 8.333333333333332 1
4.490371596873628e-16 14.666666666666666 7.333333333333333 109 86 0 90.0 3.6666666666666665 7.333333333333333 1
-0.5753667020041957 14.666666666666666 7.310727114042938 105 88 0 94.5 3.6666666666666665 7.333333333333333 1
-1.1471860769616926 14.666666666666666 7.24304783103101 102 89 0 99.0 3.6666666666666665 7.333333333333333 1
-1.7119326682766391 14.666666666666666 7.130712749582962 98 90 0 103.5 3.6666666666666665 7.333333333333333 1
-2.2661246254162806 14.666666666666666 6.974414452831127 94 91 0 108.0 3.6666666666666665 7.333333333333333 1
-2.8063451706773246 14.666666666666666 6.775116571749436 89 93 0 112.5 3.6666666666666665 7.333333333333333 1
-3.329263664756676 14.666666666666666 6.534047844048031 84 94 0 117.0 3.6666666666666665 7.333333333333333 1
-4.3541547059662395 14.666666666666666 7.105334702950768 76 96 0 121.5 3.6666666666666665 8.333333333333332 1
-5.485995688063081 14.666666666666666 7.550825280832842 68 98 0 126.0 3.6666666666666665 9.333333333333332 1
-6.710963166078563 14.666666666666666 7.857528311200319 50 101 0 130.5 3.6666666666666665 10.333333333333332 1
-8.013876853447536 14.666666666666666 8.013876853447538 16 104 0 135.0 3.6666666666666665 11.333333333333332 1
-10.138746208000411 14.666666666666666 8.659307311069115 0 107 0 139.5 3.6666666666666665 13.333333333333332 1
-12.404927247082526 14.666666666666666 9.012707201817923 0 111 0 144.0 3.6666666666666665 15.333333333333332 1
-16.76858989896381 14.666666666666666 10.275805106080327 0 115 0 148.5 3.6666666666666665 19.666666666666664 1
-21.978160929979737 14.666666666666666 11.198432326908822 0 119 17 153.0 3.6666666666666665 24.666666666666664 1
-22.789028468611736 14.666666666666666 9.43952466500555 0 119 39 157.5 3.6666666666666665 24.666666666666664 1
-23.459394068613786 14.666666666666666 7.622419194582037 0 119 54 162.0 3.6666666666666665 24.666666666666664 1
-23.985124703142684 14.666666666666666 5.758318975112336 0 119 62 166.5 3.6666666666666665 24.666666666666664 1
-24.36297906801339 14.666666666666666 3.858716804325697 0 119 69 171.0 3.6666666666666665 24.666666666666664 1
-24.590627565417154 14.666666666666666 1.935324361286845 0 119 77 175.5 3.6666666666666665 24.666666666666664 1
-24.666666666666664 14.666666666666666 3.0207954378968043e-15 0 119 84 180.0 3.6666666666666665 24.666666666666664 1
-23.593710231684028 14.666666666666666 -1.8568652655589941 0 119 92 184.5 3.6666666666666665 23.666666666666668 1
-22.387602386823122 14.666666666666666 -3.5458478742452293 0 118 99 189.0 3.6666666666666665 22.666666666666664 1
-20.095645021551984 14.666666666666666 -4.824537519688709 0 117 109 193.5 3.6666666666666665 20.666666666666668 1
-18.38709264837297 14.666666666666666 -5.974328557915647 0 117 118 198.0 3.6666666666666665 19.333333333333332 1
-16.93779142937359 14.666666666666666 -7.01586292669331 0 116 124 202.5 3.6666666666666665 18.333333333333332 1
-15.44411308593171 14.666666666666666 -7.869168662152141 0 115 130 207.0 3.6666666666666665 17.333333333333332 1
-13.926456017783506 14.666666666666666 -8.534143223693828 0 114 137 211.5 3.6666666666666665 16.333333333333332 1
-12.404927247082526 14.666666666666666 -9.01270720181792 0 113 143 216.0 3.6666666666666665 15.333333333333332 1
-11.659558139200476 14.666666666666666 -9.95820340772948 0 112 151 220.5 3.6666666666666665 15.333333333333332 1
-10.370899457402698 14.666666666666666 -10.370899457402695 0 111 155 225.0 3.6666666666666665 14.666666666666666 1
-8.87578999384584 14.666666666666666 -10.392214863200426 0 108 159 229.5 3.6666666666666665 13.666666666666666 1
-7.837136697232977 14.666666666666666 -10.786893258332631 0 106 165 234.0 3.6666666666666665 13.333333333333334 1
-6.966647529545981 14.666666666666666 -11.368535524721233 0 105 168 238.5 3.6666666666666665 13.333333333333334 1
-6.053206663193959 14.666666666666666 -11.880086989178238 0 103 172 243.0 3.6666666666666665 13.333333333333334 1
-5.485129197232949 14.666666666666666 -13.242273299328444 0 102 180 247.5 3.6666666666666665 14.333333333333332 1
-4.738260580415862 14.666666666666666 -14.582866583192352 0 101 189 252.0 3.6666666666666665 15.333333333333332 1
-3.812940942979784 14.666666666666666 -15.882042033162051 0 99 198 256.5 3.6666666666666665 16.333333333333332 1
-2.6072410840038502 14.666666666666666 -16.461472343252293 0 96 201 261.0 3.6666666666666665 16.666666666666664 1
-1.3861106911919225 14.666666666666666 -17.61220622928526 0 92 210 265.5 3.6666666666666665 17.666666666666664 1
-3.551475717527324e-15 14.666666666666666 -19.333333333333332 0 87 224 270.0 3.6666666666666665 19.333333333333332 1
2.0137834570146937 14.666666666666666 -25.587544899150284 0 62 249 274.5 3.6666666666666665 25.666666666666668 1
4.484454664486613 14.666666666666666 -28.31373243039395 71 16 255 279.0 3.6666666666666665 28.666666666666668 1
6.847730673106567 14.666666666666666 -28.522850998331847 104 0 255 283.5 3.6666666666666665 29.333333333333336 1
9.682532490415014 14.666666666666666 -29.799770843914818 131 0 255 288.0 3.6666666666666665 31.333333333333336 1
12.373430979804578 14.666666666666666 -29.872104884531602 152 0 255 292.5 3.6666666666666665 32.333333333333336 1
14.830356324825193 14.666666666666666 -29.106213123486693 167 0 252 297.0 3.6666666666666665 32.66666666666667 1
17.06828644738767 14.666666666666666 -27.852912035567012 179 0 245 301.5 3.6666666666666665 32.66666666666667 1
18.809128073359133 14.666666666666666 -25.888543819998322 187 0 236 306.0 3.6666666666666665 32.0 1
20.349372181012427 14.666666666666666 -23.826053588800963 193 0 225 310.5 3.6666666666666665 31.333333333333332 1
22.156012477178482 14.666666666666666 -22.156012477178493 203 0 217 315.0 3.6666666666666665 31.333333333333332 1
22.558710312800923 14.666666666666666 -19.266958767128777 205 0 200 319.5 3.6666666666666665 29.666666666666668 1
23.19182050541516 14.666666666666666 -16.849843899050903 208 0 189 324.0 3.6666666666666665 28.666666666666668 1
22.737071049442463 14.666666666666666 -13.933295059091966 207 0 169 328.5 3.6666666666666665 26.666666666666668 1
21.978160929979737 14.666666666666666 -11.198432326908824 206 0 152 333.0 3.6666666666666665 24.666666666666664 1
21.557189091930024 14.666666666666666 -8.929280088518755 205 0 138 337.5 3.6666666666666665 23.333333333333332 1
20.289205680963278 14.666666666666666 -6.592362546665551 202 0 121 342.0 3.6666666666666665 21.333333333333336 1
19.77152171475276 14.666666666666666 -4.746722398403406 202 0 110 346.5 3.6666666666666665 20.333333333333336 1
19.09530791817266 14.666666666666666 -3.0243996574444676 201 0 100 351.0 3.6666666666666665 19.333333333333332 1
18.609123563018386 14.666666666666666 -1.4645697869197685 199 0 89 355.5 3.6666666666666665 18.666666666666664 1
20.0 16.0 0.0 219 0 85 0.0 4.0 20.0 1
18.94142934092943 16.0 1.490722818829054 215 0 76 4.5 4.0 19.0 1
17.77839013071248 16.0 2.815820370724156 210 0 67 9.0 4.0 18.0 1
17.50265856715818 16.0 4.202016549406297 210 0 54 13.5 4.0 18.0 1
17.119017293312762 16.0 5.562305898749053 210 0 40 18.0 4.0 18.0 1
17.55371111771445 16.0 7.270985214936706 213 0 21 22.5 4.0 19.0 1
17.820130483767358 16.0 9.079809994790935 216 0 0 27.0 4.0 20.0 1
15.347522958373661 16.0 9.40497416488708 203 0 0 31.5 4.0 18.0 1
12.94427190999916 16.0 9.40456403667957 189 33 0 36.0 4.0 16.0 1
10.645683518400434 16.0 9.09227267662257 180 49 0 40.5 4.0 14.0 1
8.485281374238571 16.0 8.485281374238571 166 66 0 45.0 4.0 12.0 1
7.793376579962204 16.0 9.12487158720037 162 70 0 49.5 4.0 12.0 1
7.053423027509678 16.0 9.70820393249937 158 73 0 54.0 4.0 12.0 1
5.747484211875438 16.0 9.379041807895014 151 78 0 58.5 4.0 11.0 1
4.539904997395468 16.0 8.910065241883679 145 82 0 63.0 4.0 10.0 1
3.8268343236508984 16.0 9.238795325112868 141 84 0 67.5 4.0 10.0 1
3.0901699437494745 16.0 9.510565162951535 137 86 0 72.0 4.0 10.0 1
2.334453638559055 16.0 9.723699203976766 133 88 0 76.5 4.0 10.0 1
1.5643446504023093 16.0 9.876883405951379 129 90 0 81.0 4.0 10.0 1
0.706131861550605 16.0 8.972256003598151 124 92 0 85.5 4.0 9.0 1
4.898587196589413e-16 16.0 8.0 119 94 0 90.0 4.0 8.0 1
-0.627672765822759 16.0 7.975338669865024 115 96 0 94.5 4.0 8.0 1
-1.2514757203218465 16.0 7.901506724761102 111 97 0 99.0 4.0 8.0 1
-1.8675629108472427 16.0 7.778959363181413 107 99 0 103.5 4.0 8.0 1
-2.4721359549995787 16.0 7.608452130361229 103 100 0 108.0 4.0 8.0 1
-3.061467458920718 16.0 7.391036260090294 98 102 0 112.5 4.0 8.0 1
-3.631923997916374 16.0 7.128052193506943 92 103 0 117.0 4.0 8.0 1
-4.70248708244354 16.0 7.6737614791868305 84 105 0 121.5 4.0 9.0 1
-5.87785252292473 16.0 8.090169943749475 75 107 0 126.0 4.0 10.0 1
-7.143928531632019 16.0 8.36446562160034 54 111 0 130.5 4.0 11.0 1
-8.48528137423857 16.0 8.485281374238571 21 114 0 135.0 4.0 12.0 1
-10.645683518400434 16.0 9.092272676622573 0 117 0 139.5 4.0 14.0 1
-12.944271909999157 16.0 9.404564036679572 0 121 0 144.0 4.0 16.0 1
-17.905443451435936 16.0 10.972469859034927 0 126 0 148.5 4.0 21.0 1
-23.166169628897563 16.0 11.803752993228219 0 129 18 153.0 4.0 26.0 1
-24.020867845293456 16.0 9.949769241492337 0 130 41 157.5 4.0 26.0 1
-24.72746942367399 16.0 8.034441853748636 0 130 59 162.0 4.0 26.0 1
-25.28161793033959 16.0 6.069579460253544 0 130 68 166.5 4.0 26.0 1
-25.67989685547358 16.0 4.067296091046005 0 130 75 171.0 4.0 26.0 1
-25.919850677061326 16.0 2.039936488923972 0 130 83 175.5 4.0 26.0 1
-26.0 16.0 3.184081677783118e-15 0 130 91 180.0 4.0 26.0 1
-24.9229333433282 16.0 -1.9614773931961205 0 130 99 184.5 4.0 25.0 1
-23.704520174283306 16.0 -3.7544271609655375 0 129 108 189.0 4.0 24.0 1
-21.392138248748886 16.0 -5.135798004829916 0 128 117 193.5 4.0 22.0 1
-19.021130325903073 16.0 -6.1803398874989455 0 127 127 198.0 4.0 20.0 1
-17.55371111771445 16.0 -7.270985214936704 0 126 134 202.5 4.0 19.0 1
-16.03811743539062 16.0 -8.17182899531184 0 125 140 207.0 4.0 18.0 1
-14.494882794019569 16.0 -8.882475600171128 0 124 147 211.5 4.0 17.0 1
-12.94427190999916 16.0 -9.404564036679568 0 123 154 216.0 4.0 16.0 1
-12.166495449600497 16.0 -10.391168773282937 0 122 162 220.5 4.0 16.0 1
-11.313708498984763 16.0 -11.31370849898476 0 121 169 225.0 4.0 16.0 1
-9.741720724952751 16.0 -11.406089484000468 0 119 173 229.5 4.0 15.0 1
-8.228993532094625 16.0 -11.326237921249263 0 116 178 234.0 4.0 14.0 1
-7.3149799060232805 16.0 -11.936962300957294 0 115 181 238.5 4.0 14.0 1
-6.355866996353657 16.0 -12.474091338637148 0 113 184 243.0 4.0 14.0 1
-5.7402514854763425 16.0 -13.858192987669304 0 112 193 247.5 4.0 15.0 1
-4.944271909999161 16.0 -15.216904260722456 0 111 202 252.0 4.0 16.0 1
-3.9685711855503873 16.0 -16.530288646760503 0 108 211 256.5 4.0 17.0 1
-2.8158203707241585 16.0 -17.778390130712477 0 105 219 261.0 4.0 18.0 1
-1.490722818829049 16.0 -18.94142934092943 0 101 229 265.5 4.0 19.0 1
-3.673940397442059e-15 16.0 -20.0 0 96 238 270.0 4.0 20.0 1
1.8045592017404397 16.0 -22.929098675861944 0 80 249 274.5 4.0 23.0 1
4.067296091045997 16.0 -25.679896855473583 64 54 255 279.0 4.0 26.0 1
6.536470187965358 16.0 -27.226357771134943 104 25 255 283.5 4.0 28.0 1
9.270509831248416 16.0 -28.53169548885461 132 0 255 288.0 4.0 30.0 1
11.86318640331779 16.0 -28.640265507849886 153 0 255 292.5 4.0 31.0 1
14.527695991665492 16.0 -28.512208774027776 172 0 255 297.0 4.0 32.0 1
16.71995407091037 16.0 -27.284485259330946 184 0 253 301.5 4.0 32.0 1
18.809128073359133 16.0 -25.888543819998322 194 0 246 306.0 4.0 32.0 1
20.782337546565884 16.0 -24.332990899200986 205 0 237 310.5 4.0 32.0 1
22.627416997969515 16.0 -22.627416997969526 215 0 229 315.0 4.0 32.0 1
23.57258493360096 16.0 -20.132889498235688 220 0 215 319.5 4.0 31.0 1
24.27050983124842 16.0 -17.6335575687742 224 0 201 324.0 4.0 30.0 1
23.873924601914585 16.0 -14.629959812046563 223 0 182 328.5 4.0 28.0 1
23.166169628897563 16.0 -11.80375299322822 221 0 162 333.0 4.0 26.0 1
22.173108780270883 16.0 -9.184402376762149 219 0 145 337.5 4.0 24.0 1
20.923243358493377 16.0 -6.798373876248849 216 0 128 342.0 4.0 22.0 1
20.41976832835121 16.0 -4.9023526409740095 215 0 117 346.5 4.0 21.0 1
19.753766811902754 16.0 -3.1286893008046217 215 0 106 351.0 4.0 20.0 1
19.938346674662558 16.0 -1.569181914556895 217 0 96 355.5 4.0 20.0 1
20.0 17.333333333333332 0.0 230 0 92 0.0 4.333333333333333 20.0 1
19.606040896751516 17.333333333333332 1.543028882647617 229 0 82 4.5 4.333333333333333 19.666666666666664 1
18.43684902444257 17.333333333333332 2.920110014084309 225 0 72 9.0 4.333333333333333 18.666666666666664 1
18.150905180756627 17.333333333333332 4.3576467919769 225 0 59 13.5 4.333333333333333 18.666666666666664 1
17.753054970842864 17.333333333333332 5.768317228332351 224 0 45 18.0 4.333333333333333 18.666666666666664 1
18.169630806055302 17.333333333333332 7.526107503180098 227 0 26 22.5 4.333333333333333 19.666666666666664 1
17.820130483767358 17.333333333333332 9.079809994790935 227 0 0 27.0 4.333333333333333 20.0 1
15.91594973460972 17.333333333333332 9.753306541364376 216 0 0 31.5 4.333333333333333 18.666666666666664 1
13.483616572915789 17.333333333333332 9.796420871541217 203 42 0 36.0 4.333333333333333 16.666666666666664 1
11.152620828800453 17.333333333333332 9.525238042176026 190 60 0 40.5 4.333333333333333 14.666666666666666 1
9.428090415820634 17.333333333333332 9.428090415820634 180 72 0 45.0 4.333333333333333 13.333333333333332 1
8.659307311069115 17.333333333333332 10.138746208000411 176 76 0 49.5 4.333333333333333 13.333333333333332 1
7.445279862371326 17.333333333333332 10.247548595416001 169 81 0 54.0 4.333333333333333 12.666666666666666 1
6.444148964830036 17.333333333333332 10.515895360367136 164 85 0 58.5 4.333333333333333 12.333333333333332 1
5.1452256637148635 17.333333333333332 10.0980739408015 157 89 0 63.0 4.333333333333333 11.333333333333332 1
4.337078900137684 17.333333333333332 10.470634701794582 154 91 0 67.5 4.333333333333333 11.333333333333332 1
3.2961812733327727 17.333333333333332 10.144602840481637 148 94 0 72.0 4.333333333333333 10.666666666666666 1
2.4900838811296584 17.333333333333332 10.371945817575217 144 96 0 76.5 4.333333333333333 10.666666666666666 1
1.6686342937624632 17.333333333333332 10.535342299681469 140 98 0 81.0 4.333333333333333 10.666666666666666 1
0.7584379253691683 17.333333333333332 9.636867559420237 134 101 0 85.5 4.333333333333333 9.666666666666666 1
5.71501839602098e-16 17.333333333333332 9.333333333333332 130 103 0 90.0 4.333333333333333 9.333333333333332 1
-0.7322848934598853 17.333333333333332 9.304561781509193 126 104 0 94.5 4.333333333333333 9.333333333333332 1
-1.460055007042154 17.333333333333332 9.218424512221285 121 106 0 99.0 4.333333333333333 9.333333333333332 1
-2.1788233959884495 17.333333333333332 9.075452590378314 117 107 0 103.5 4.333333333333333 9.333333333333332 1
-2.884158614166175 17.333333333333332 8.876527485421432 113 109 0 108.0 4.333333333333333 9.333333333333332 1
-3.571712035407504 17.333333333333332 8.622875636772008 107 110 0 112.5 4.333333333333333 9.333333333333332 1
-4.237244664235769 17.333333333333332 8.316060892424765 100 112 0 117.0 4.333333333333333 9.333333333333332 1
-5.050819458920838 17.333333333333332 8.242188255422892 92 114 0 121.5 4.333333333333333 9.666666666666666 1
-6.269709357786379 17.333333333333332 8.629514606666106 83 117 0 126.0 4.333333333333333 10.666666666666666 1
-7.5768938971854745 17.333333333333332 8.871402932000361 62 120 0 130.5 4.333333333333333 11.666666666666666 1
-8.9566858950296 17.333333333333332 8.956685895029603 30 123 0 135.0 4.333333333333333 12.666666666666666 1
-11.152620828800453 17.333333333333332 9.525238042176028 0 127 0 139.5 4.333333333333333 14.666666666666666 1
-13.483616572915787 17.333333333333332 9.796420871541219 0 130 0 144.0 4.333333333333333 16.666666666666664 1
-18.473870227671995 17.333333333333332 11.320802235512225 0 136 0 148.5 4.333333333333333 21.666666666666664 1
-23.760173978356477 17.333333333333332 12.106413326387917 0 140 19 153.0 4.333333333333333 26.666666666666668 1
-24.636787533634312 17.333333333333332 10.204891529735729 0 140 47 157.5 4.333333333333333 26.666666666666664 1
-25.361507101204094 17.333333333333332 8.240453183331933 0 141 65 162.0 4.333333333333333 26.666666666666668 1
-25.929864543938038 17.333333333333332 6.225209702824147 0 141 74 166.5 4.333333333333333 26.666666666666664 1
-26.33835574920367 17.333333333333332 4.171585734406159 0 141 82 171.0 4.333333333333333 26.666666666666668 1
-26.584462232883414 17.333333333333332 2.0922425527425355 0 141 90 175.5 4.333333333333333 26.666666666666668 1
-26.666666666666668 17.333333333333332 3.2657247977262754e-15 0 141 98 180.0 4.333333333333333 26.666666666666668 1
-24.9229333433282 17.333333333333332 -1.9614773931961205 0 140 107 184.5 4.333333333333333 25.0 1
-23.704520174283306 17.333333333333332 -3.7544271609655375 0 139 116 189.0 4.333333333333333 24.0 1
-22.040384862347334 17.333333333333332 -5.291428247400519 0 139 126 193.5 4.333333333333333 22.666666666666664 1
-19.65516800343317 17.333333333333332 -6.386351217082243 0 137 136 198.0 4.333333333333333 20.666666666666664 1
-18.16963080605531 17.333333333333332 -7.526107503180097 0 137 142 202.5 4.333333333333333 19.666666666666668 1
-16.03811743539062 17.333333333333332 -8.17182899531184 0 135 149 207.0 4.333333333333333 18.0 1
-14.494882794019569 17.333333333333332 -8.882475600171128 0 134 156 211.5 4.333333333333333 17.0 1
-12.94427190999916 17.333333333333332 -9.404564036679568 0 132 162 216.0 4.333333333333333 16.0 1
-12.166495449600497 17.333333333333332 -10.391168773282937 0 132 171 220.5 4.333333333333333 16.0 1
-11.313708498984763 17.333333333333332 -11.31370849898476 0 131 179 225.0 4.333333333333333 16.0 1
-9.741720724952751 17.333333333333332 -11.406089484000468 0 128 183 229.5 4.333333333333333 15.0 1
-8.620850366956274 17.333333333333332 -11.865582584165894 0 126 190 234.0 4.333333333333333 14.666666666666666 1
-7.663312282500579 17.333333333333332 -12.505389077193355 0 124 195 238.5 4.333333333333333 14.666666666666666 1
-6.658527329513355 17.333333333333332 -13.06809568809606 0 122 198 243.0 4.333333333333333 14.666666666666666 1
-5.995373773719735 17.333333333333332 -14.47411267601016 0 121 207 247.5 4.333333333333333 15.666666666666666 1
-5.150283239582459 17.333333333333332 -15.850941938252557 0 120 216 252.0 4.333333333333333 16.666666666666664 1
-3.9685711855503873 17.333333333333332 -16.530288646760503 0 117 220 256.5 4.333333333333333 17.0 1
-2.8158203707241585 17.333333333333332 -17.778390130712477 0 114 229 261.0 4.333333333333333 18.0 1
-1.490722818829049 17.333333333333332 -18.94142934092943 0 110 239 265.5 4.333333333333333 19.0 1
-3.5514757175273244e-15 17.333333333333332 -19.333333333333336 0 105 243 270.0 4.333333333333333 19.333333333333336 1
1.6476410102847494 17.333333333333332 -20.935264008395688 0 94 249 274.5 4.333333333333333 21.0 1
3.7544271609655366 17.333333333333332 -23.70452017428331 68 73 255 279.0 4.333333333333333 24.000000000000004 1
5.913949217682944 17.333333333333332 -24.63337131674114 105 58 255 283.5 4.333333333333333 25.333333333333336 1
8.446464512915226 17.333333333333332 -25.995544778734203 134 29 255 288.0 4.333333333333333 27.333333333333336 1
11.09781953858761 17.333333333333332 -26.792506442827314 156 0 255 292.5 4.333333333333333 29.0 1
13.619714992186399 17.333333333333332 -26.73019572565104 175 0 255 297.0 4.333333333333333 30.0 1
15.67495694147847 17.333333333333332 -25.579204930622762 186 0 253 301.5 4.333333333333333 30.0 1
18.025414403635835 17.333333333333332 -24.80985449416506 199 0 250 306.0 4.333333333333333 30.666666666666668 1
20.34937218101243 17.333333333333332 -23.826053588800967 212 0 244 310.5 4.333333333333333 31.333333333333336 1
22.156012477178486 17.333333333333332 -22.156012477178496 222 0 236 315.0 4.333333333333333 31.333333333333336 1
23.57258493360096 17.333333333333332 -20.132889498235688 230 0 223 319.5 4.333333333333333 31.0 1
24.27050983124842 17.333333333333332 -17.6335575687742 234 0 209 324.0 4.333333333333333 30.0 1
23.873924601914585 17.333333333333332 -14.629959812046563 233 0 189 328.5 4.333333333333333 28.0 1
23.166169628897563 17.333333333333332 -11.80375299322822 231 0 170 333.0 4.333333333333333 26.0 1
22.173108780270883 17.333333333333332 -9.184402376762149 230 0 151 337.5 4.333333333333333 24.0 1
21.55728103602348 17.333333333333332 -7.004385205832147 230 0 136 342.0 4.333333333333333 22.666666666666664 1
21.06801494194966 17.333333333333332 -5.057982883544612 229 0 124 346.5 4.333333333333333 21.666666666666664 1
20.412225705632842 17.333333333333332 -3.2329789441647754 228 0 113 351.0 4.333333333333333 20.666666666666664 1
19.938346674662558 17.333333333333332 -1.569181914556895 227 0 102 355.5 4.333333333333333 20.0 1
20.0 18.666666666666664 0.0 240 0 98 0.0 4.666666666666666 20.0 1
19.938346674662558 18.666666666666664 1.5691819145568988 242 0 88 4.5 4.666666666666666 20.0 1
19.09530791817266 18.666666666666664 3.024399657444463 239 0 78 9.0 4.666666666666666 19.333333333333332 1
18.79915179435508 18.666666666666664 4.513277034547504 239 0 64 13.5 4.666666666666666 19.333333333333332 1
18.387092648372967 18.666666666666664 5.9743285579156495 238 0 50 18.0 4.666666666666666 19.333333333333332 1
18.477590650225736 18.666666666666664 7.653668647301796 240 0 32 22.5 4.666666666666666 20.0 1
17.820130483767358 18.666666666666664 9.079809994790935 238 0 6 27.0 4.666666666666666 20.0 1
16.200163122727755 18.666666666666664 9.927472729603027 228 11 0 31.5 4.666666666666666 19.0 1
14.02296123583242 18.666666666666664 10.188277706402866 216 50 0 36.0 4.666666666666666 17.333333333333332 1
11.913026794400484 18.666666666666664 10.17468609050621 203 68 0 40.5 4.666666666666666 15.666666666666664 1
10.370899457402697 18.666666666666664 10.370899457402697 194 78 0 45.0 4.666666666666666 14.666666666666664 1
9.308755359399298 18.666666666666664 10.899152173600443 189 83 0 49.5 4.666666666666666 14.333333333333332 1
7.837136697232975 18.666666666666664 10.786893258332631 182 88 0 54.0 4.666666666666666 13.333333333333332 1
6.966647529545985 18.666666666666664 11.368535524721228 176 92 0 58.5 4.666666666666666 13.333333333333332 1
5.7505463300342585 18.666666666666664 11.286082639719323 170 96 0 63.0 4.666666666666666 12.666666666666664 1
4.719762332502774 18.666666666666664 11.394514234305868 166 99 0 67.5 4.666666666666666 12.333333333333332 1
3.502192602916071 18.666666666666664 10.77864051801174 159 102 0 72.0 4.666666666666666 11.333333333333332 1
2.645714123700262 18.666666666666664 11.020192431173667 155 104 0 76.5 4.666666666666666 11.333333333333332 1
1.7729239371226169 18.666666666666664 11.193801193411561 150 107 0 81.0 4.666666666666666 11.333333333333332 1
0.8368970210970131 18.666666666666664 10.633784893153363 145 109 0 85.5 4.666666666666666 10.666666666666664 1
6.531449595452549e-16 18.666666666666664 10.666666666666664 141 111 0 90.0 4.666666666666666 10.666666666666664 1
-0.8368970210970118 18.666666666666664 10.633784893153363 136 113 0 94.5 4.666666666666666 10.666666666666664 1
-1.6686342937624616 18.666666666666664 10.535342299681467 131 114 0 99.0 4.666666666666666 10.666666666666664 1
-2.490083881129656 18.666666666666664 10.371945817575215 127 116 0 103.5 4.666666666666666 10.666666666666664 1
-3.296181273332771 18.666666666666664 10.144602840481637 122 118 0 108.0 4.666666666666666 10.666666666666664 1
-4.08195661189429 18.666666666666664 9.854715013453722 116 120 0 112.5 4.666666666666666 10.666666666666664 1
-4.842565330555164 18.666666666666664 9.504069591342589 109 122 0 117.0 4.666666666666666 10.666666666666664 1
-5.573318023636786 18.666666666666664 9.094828419776983 100 124 0 121.5 4.666666666666666 10.666666666666664 1
-6.661566192648027 18.666666666666664 9.168859269582736 90 126 0 126.0 4.666666666666666 11.333333333333332 1
-8.00985926273893 18.666666666666664 9.37834024240038 69 129 0 130.5 4.666666666666666 12.333333333333332 1
-9.428090415820632 18.666666666666664 9.428090415820634 38 133 0 135.0 4.666666666666666 13.333333333333332 1
-11.659558139200474 18.666666666666664 9.958203407729483 0 137 0 139.5 4.666666666666666 15.333333333333332 1
-14.022961235832419 18.666666666666664 10.18827770640287 0 140 0 144.0 4.666666666666666 17.333333333333332 1
-19.042297003908057 18.666666666666664 11.669134611989525 0 146 0 148.5 4.666666666666666 22.333333333333332 1
-24.354178327815386 18.666666666666664 12.409073659547614 0 151 20 153.0 4.666666666666666 27.333333333333332 1
-25.252707221975168 18.666666666666664 10.460013817979123 0 151 47 157.5 4.666666666666666 27.333333333333332 1
-25.995544778734196 18.666666666666664 8.446464512915231 0 151 71 162.0 4.666666666666666 27.333333333333332 1
-26.57811115753649 18.666666666666664 6.380839945394751 0 151 79 166.5 4.666666666666666 27.333333333333332 1
-26.99681464293376 18.666666666666664 4.275875377766313 0 151 88 171.0 4.666666666666666 27.333333333333332 1
-27.249073788705495 18.666666666666664 2.1445486165610985 0 151 96 175.5 4.666666666666666 27.333333333333332 1
-27.333333333333332 18.666666666666664 3.347367917669432e-15 0 151 105 180.0 4.666666666666666 27.333333333333332 1
-25.255239121239242 18.666666666666664 -1.987630425105402 0 150 115 184.5 4.666666666666666 25.333333333333332 1
-23.704520174283306 18.666666666666664 -3.7544271609655375 0 149 124 189.0 4.666666666666666 24.0 1
-22.364508169146564 18.666666666666664 -5.369243368685821 0 149 134 193.5 4.666666666666666 23.0 1
-20.289205680963278 18.666666666666664 -6.592362546665542 0 148 144 198.0 4.666666666666666 21.333333333333332 1
-18.477590650225736 18.666666666666664 -7.653668647301793 0 147 151 202.5 4.666666666666666 20.0 1
-16.03811743539062 18.666666666666664 -8.17182899531184 0 145 157 207.0 4.666666666666666 18.0 1
-14.494882794019569 18.666666666666664 -8.882475600171128 0 143 164 211.5 4.666666666666666 17.0 1
-12.94427190999916 18.666666666666664 -9.404564036679568 0 142 171 216.0 4.666666666666666 16.0 1
-12.166495449600497 18.666666666666664 -10.391168773282937 0 141 180 220.5 4.666666666666666 16.0 1
-11.313708498984763 18.666666666666664 -11.31370849898476 0 140 188 225.0 4.666666666666666 16.0 1
-9.958203407729478 18.666666666666664 -11.659558139200477 0 138 194 229.5 4.666666666666666 15.333333333333332 1
-9.012707201817923 18.666666666666664 -12.404927247082526 0 136 203 234.0 4.666666666666666 15.333333333333332 1
-8.011644658977877 18.666666666666664 -13.073815853429416 0 134 208 238.5 4.666666666666666 15.333333333333332 1
-6.961187662673052 18.666666666666664 -13.662100037554971 0 132 212 243.0 4.666666666666666 15.333333333333332 1
-6.250496061963128 18.666666666666664 -15.090032364351018 0 131 221 247.5 4.666666666666666 16.333333333333332 1
-5.356294569165757 18.666666666666664 -16.48497961578266 0 130 229 252.0 4.666666666666666 17.333333333333332 1
-4.0463863068356885 18.666666666666664 -16.854411953559726 0 127 232 256.5 4.666666666666666 17.333333333333332 1
-2.8158203707241585 18.666666666666664 -17.778390130712477 0 123 240 261.0 4.666666666666666 18.0 1
-1.4645697869197674 18.666666666666664 -18.60912356301839 0 119 246 265.5 4.666666666666666 18.666666666666668 1
-3.429011037612589e-15 18.666666666666664 -18.666666666666668 0 115 247 270.0 4.666666666666666 18.666666666666668 1
1.5430288826476226 18.666666666666664 -19.60604089675152 0 106 252 274.5 4.666666666666666 19.666666666666668 1
3.4415582308850756 18.666666666666664 -21.729143493093034 71 90 255 279.0 4.666666666666666 22.000000000000004 1
5.369243368685831 18.666666666666664 -22.364508169146564 106 79 255 283.5 4.666666666666666 23.000000000000004 1
7.622419194582033 18.666666666666664 -23.459394068613793 135 63 255 288.0 4.666666666666666 24.66666666666667 1
10.204891529735736 18.666666666666664 -24.636787533634315 157 36 255 292.5 4.666666666666666 26.66666666666667 1
12.711733992707307 18.666666666666664 -24.948182677274307 177 0 255 297.0 4.666666666666666 28.000000000000004 1
14.804126000285223 18.666666666666664 -24.15813799003261 189 0 255 301.5 4.666666666666666 28.333333333333336 1
17.24170073391254 18.666666666666664 -23.731165168331795 203 0 255 306.0 4.666666666666666 29.333333333333336 1
19.699924132682245 18.666666666666664 -23.065647623200938 218 0 249 310.5 4.666666666666666 30.333333333333336 1
21.684607956387453 18.666666666666664 -21.684607956387463 230 0 242 315.0 4.666666666666666 30.666666666666668 1
23.31911627840095 18.666666666666664 -19.91640681545896 239 0 230 319.5 4.666666666666666 30.666666666666668 1
24.27050983124842 18.666666666666664 -17.6335575687742 245 0 217 324.0 4.666666666666666 30.0 1
23.873924601914585 18.666666666666664 -14.629959812046563 244 0 197 328.5 4.666666666666666 28.0 1
23.166169628897563 18.666666666666664 -11.80375299322822 242 0 178 333.0 4.666666666666666 26.0 1
22.481068624441313 18.666666666666664 -9.311963520883845 243 0 159 337.5 4.666666666666666 24.333333333333332 1
22.19131871355358 18.666666666666664 -7.210396535415446 244 0 143 342.0 4.666666666666666 23.333333333333332 1
21.71626155554811 18.666666666666664 -5.213613126115216 243 0 132 346.5 4.666666666666666 22.333333333333332 1
21.070684599362934 18.666666666666664 -3.33726858752493 242 0 120 351.0 4.666666666666666 21.333333333333332 1
20.2706524525736 18.666666666666664 -1.5953349464661766 239 0 109 355.5 4.666666666666666 20.333333333333332 1
20.0 20.0 0.0 251 0 104 0.0 5.0 20.0 1
19.938346674662558 20.0 1.5691819145568988 253 0 94 4.5 5.0 20.0 1
19.753766811902757 20.0 3.1286893008046173 254 0 84 9.0 5.0 20.0 1
19.447398407953532 20.0 4.668907277118108 253 0 70 13.5 5.0 20.0 1
19.02113032590307 20.0 6.180339887498948 252 0 56 18.0 5.0 20.0 1
18.477590650225736 20.0 7.653668647301796 251 0 38 22.5 5.0 20.0 1
17.820130483767358 20.0 9.079809994790935 248 0 15 27.0 5.0 20.0 1
16.200163122727755 20.0 9.927472729603027 239 36 0 31.5 5.0 19.0 1
14.562305898749054 20.0 10.580134541264517 230 58 0 36.0 5.0 18.0 1
12.926901415200525 20.0 11.040616821613122 219 73 0 40.5 5.0 17.0 1
11.313708498984761 20.0 11.313708498984761 208 84 0 45.0 5.0 16.0 1
9.741720724952755 20.0 11.406089484000464 201 90 0 49.5 5.0 15.0 1
8.228993532094623 20.0 11.326237921249264 194 96 0 54.0 5.0 14.0 1
7.314979906023285 20.0 11.93696230095729 189 100 0 58.5 5.0 14.0 1
6.355866996353655 20.0 12.474091338637148 183 103 0 63.0 5.0 14.0 1
4.974884620746168 20.0 12.010433922646728 177 107 0 67.5 5.0 13.0 1
3.7082039324993694 20.0 11.412678195541842 170 110 0 72.0 5.0 12.0 1
2.8013443662708655 20.0 11.668439044772118 166 113 0 76.5 5.0 12.0 1
1.877213580482771 20.0 11.852260087141653 161 115 0 81.0 5.0 12.0 1
0.94150914873414 20.0 11.963008004797535 156 117 0 85.5 5.0 12.0 1
7.347880794884119e-16 20.0 12.0 151 119 0 90.0 5.0 12.0 1
-0.9415091487341385 20.0 11.963008004797535 146 121 0 94.5 5.0 12.0 1
-1.8772135804827697 20.0 11.852260087141653 142 123 0 99.0 5.0 12.0 1
-2.801344366270864 20.0 11.66843904477212 136 125 0 103.5 5.0 12.0 1
-3.708203932499368 20.0 11.412678195541844 131 127 0 108.0 5.0 12.0 1
-4.592201188381077 20.0 11.08655439013544 124 129 0 112.5 5.0 12.0 1
-5.447885996874561 20.0 10.692078290260415 117 131 0 117.0 5.0 12.0 1
-6.269982776591386 20.0 10.231681972249108 108 133 0 121.5 5.0 12.0 1
-7.053423027509677 20.0 9.70820393249937 98 135 0 126.0 5.0 12.0 1
-8.442824628292387 20.0 9.885277552800401 76 139 0 130.5 5.0 13.0 1
-9.899494936611664 20.0 9.899494936611665 45 142 0 135.0 5.0 14.0 1
-12.166495449600495 20.0 10.39116877328294 0 146 0 139.5 5.0 16.0 1
-14.562305898749052 20.0 10.580134541264519 0 151 0 144.0 5.0 18.0 1
-19.61072378014412 20.0 12.017466988466825 0 157 0 148.5 5.0 23.0 1
-24.948182677274296 20.0 12.711733992707313 0 161 20 153.0 5.0 28.0 1
-25.868626910316028 20.0 10.715136106222516 0 162 53 157.5 5.0 28.0 1
-26.6295824562643 20.0 8.65247584249853 0 162 76 162.0 5.0 28.0 1
-27.226357771134943 20.0 6.536470187965355 0 162 86 166.5 5.0 28.0 1
-27.655273536663856 20.0 4.3801650211264676 0 162 95 171.0 5.0 28.0 1
-27.913685344527583 20.0 2.196854680379662 0 162 103 175.5 5.0 28.0 1
-28.0 20.0 3.429011037612589e-15 0 162 112 180.0 5.0 28.0 1
-25.919850677061326 20.0 -2.0399364889239653 0 161 122 184.5 5.0 26.0 1
-23.704520174283306 20.0 -3.7544271609655375 0 160 132 189.0 5.0 24.0 1
-22.364508169146564 20.0 -5.369243368685821 0 159 143 193.5 5.0 23.0 1
-20.92324335849338 20.0 -6.79837387624884 0 159 153 198.0 5.0 22.0 1
-18.477590650225736 20.0 -7.653668647301793 0 157 160 202.5 5.0 20.0 1
-16.03811743539062 20.0 -8.17182899531184 0 155 166 207.0 5.0 18.0 1
-14.494882794019569 20.0 -8.882475600171128 0 153 173 211.5 5.0 17.0 1
-12.94427190999916 20.0 -9.404564036679568 0 151 180 216.0 5.0 16.0 1
-12.166495449600497 20.0 -10.391168773282937 0 151 189 220.5 5.0 16.0 1
-11.313708498984763 20.0 -11.31370849898476 0 150 197 225.0 5.0 16.0 1
-10.391168773282935 20.0 -12.166495449600498 0 148 207 229.5 5.0 16.0 1
-9.404564036679572 20.0 -12.944271909999157 0 146 216 234.0 5.0 16.0 1
-8.359977035455177 20.0 -13.642242629665478 0 144 221 238.5 5.0 16.0 1
-7.263847995832751 20.0 -14.256104387013885 0 142 226 243.0 5.0 16.0 1
-6.505618350206522 20.0 -15.705952052691876 0 141 234 247.5 5.0 17.0 1
-5.562305898749056 20.0 -17.119017293312762 0 140 243 252.0 5.0 18.0 1
-4.202016549406292 20.0 -17.50265856715818 0 136 246 256.5 5.0 18.0 1
-2.8158203707241585 20.0 -17.778390130712477 0 132 250 261.0 5.0 18.0 1
-1.4122637231012043 20.0 -17.944512007196302 0 128 251 265.5 5.0 18.0 1
-3.3065463576978533e-15 20.0 -18.0 0 125 252 270.0 5.0 18.0 1
1.4907228188290589 20.0 -18.94142934092943 0 116 255 274.5 5.0 19.0 1
3.1286893008046137 20.0 -19.753766811902757 71 105 255 279.0 5.0 20.0 1
4.902352640974019 20.0 -20.419768328351207 108 96 255 283.5 5.0 21.0 1
6.798373876248839 20.0 -20.92324335849338 134 85 255 288.0 5.0 22.0 1
9.18440237676216 20.0 -22.17310878027088 157 69 255 292.5 5.0 24.0 1
11.803752993228212 20.0 -23.166169628897567 178 43 255 297.0 5.0 26.0 1
14.107461247330624 20.0 -23.021284437560485 193 1 255 301.5 5.0 27.0 1
16.45798706418924 20.0 -22.652475842498532 207 0 255 306.0 5.0 28.0 1
18.833993401575334 20.0 -22.051773002400893 222 0 254 310.5 5.0 29.0 1
21.21320343559642 20.0 -21.21320343559643 237 0 248 315.0 5.0 30.0 1
22.812178968000932 20.0 -19.483441449905502 247 0 237 319.5 5.0 30.0 1
24.27050983124842 20.0 -17.6335575687742 255 0 225 324.0 5.0 30.0 1
23.873924601914585 20.0 -14.629959812046563 255 0 205 328.5 5.0 28.0 1
23.166169628897563 20.0 -11.80375299322822 253 0 186 333.0 5.0 26.0 1
23.09698831278217 20.0 -9.567085809127239 255 0 168 337.5 5.0 25.0 1
22.825356391083684 20.0 -7.416407864998744 255 0 151 342.0 5.0 24.0 1
22.364508169146564 20.0 -5.36924336868582 255 0 139 346.5 5.0 23.0 1
21.72914349309303 20.0 -3.441558230885084 255 0 128 351.0 5.0 22.0 1
20.935264008395688 20.0 -1.6476410102847396 253 0 116 355.5 5.0 21.0 1
19.333333333333336 21.333333333333332 0.0 255 0 111 0.0 5.333333333333333 19.333333333333336 1
19.273735118840477 21.333333333333332 1.5168758507383358 255 0 101 4.5 5.333333333333333 19.333333333333336 1
19.095307918172665 21.333333333333332 3.024399657444464 255 0 91 9.0 5.333333333333333 19.333333333333336 1
18.799151794355083 21.333333333333332 4.513277034547505 255 0 77 13.5 5.333333333333333 19.333333333333336 1
18.38709264837297 21.333333333333332 5.97432855791565 255 4 65 18.0 5.333333333333333 19.333333333333336 1
17.86167096188488 21.333333333333332 7.398546359058403 255 21 48 22.5 5.333333333333333 19.333333333333336 1
17.226126134308448 21.333333333333332 8.777149661631238 255 33 28 27.0 5.333333333333333 19.333333333333336 1
15.631736346491694 21.333333333333332 9.579140353125728 248 56 0 31.5 5.333333333333333 18.333333333333336 1
14.562305898749054 21.333333333333332 10.580134541264517 241 68 0 36.0 5.333333333333333 18.0 1
13.433838725600545 21.333333333333332 11.473582187166576 232 80 0 40.5 5.333333333333333 17.666666666666664 1
11.78511301977579 21.333333333333332 11.78511301977579 221 91 0 45.0 5.333333333333333 16.666666666666664 1
10.607651456059665 21.333333333333332 12.419964104800505 214 97 0 49.5 5.333333333333333 16.333333333333332 1
9.012707201817921 21.333333333333332 12.404927247082526 207 103 0 54.0 5.333333333333333 15.333333333333332 1
8.011644658977882 21.333333333333332 13.073815853429412 202 107 0 58.5 5.333333333333333 15.333333333333332 1
6.658527329513353 21.333333333333332 13.06809568809606 195 111 0 63.0 5.333333333333333 14.666666666666666 1
5.23000690898956 21.333333333333332 12.626353610987584 188 115 0 67.5 5.333333333333333 13.666666666666666 1
3.9142152620826676 21.333333333333332 12.046715873071944 182 118 0 72.0 5.333333333333333 12.666666666666666 1
2.956974608841469 21.333333333333332 12.316685658370568 176 121 0 76.5 5.333333333333333 12.666666666666666 1
1.9815032238429249 21.333333333333332 12.510718980871745 172 123 0 81.0 5.333333333333333 12.666666666666666 1
0.9938152125527032 21.333333333333332 12.627619560619621 167 126 0 85.5 5.333333333333333 12.666666666666666 1
7.756096394599904e-16 21.333333333333332 12.666666666666666 161 128 0 90.0 5.333333333333333 12.666666666666666 1
-0.9938152125527017 21.333333333333332 12.627619560619621 156 130 0 94.5 5.333333333333333 12.666666666666666 1
-1.9815032238429235 21.333333333333332 12.510718980871745 151 132 0 99.0 5.333333333333333 12.666666666666666 1
-2.9569746088414672 21.333333333333332 12.31668565837057 146 134 0 103.5 5.333333333333333 12.666666666666666 1
-3.9142152620826662 21.333333333333332 12.046715873071946 140 136 0 108.0 5.333333333333333 12.666666666666666 1
-4.84732347662447 21.333333333333332 11.702474078476298 133 138 0 112.5 5.333333333333333 12.666666666666666 1
-5.7505463300342585 21.333333333333332 11.286082639719327 125 140 0 117.0 5.333333333333333 12.666666666666666 1
-6.618315153068685 21.333333333333332 10.800108748485169 116 142 0 121.5 5.333333333333333 12.666666666666666 1
-7.445279862371325 21.333333333333332 10.247548595416001 106 144 0 126.0 5.333333333333333 12.666666666666666 1
-8.875789993845842 21.333333333333332 10.392214863200422 84 148 0 130.5 5.333333333333333 13.666666666666666 1
-10.370899457402695 21.333333333333332 10.370899457402697 53 152 0 135.0 5.333333333333333 14.666666666666666 1
-12.673432760000514 21.333333333333332 10.824134138836394 0 156 0 139.5 5.333333333333333 16.666666666666664 1
-15.101650561665682 21.333333333333332 10.971991376126166 0 161 0 144.0 5.333333333333333 18.666666666666664 1
-20.17915055638018 21.333333333333332 12.365799364944124 0 167 0 148.5 5.333333333333333 23.666666666666664 1
-24.948182677274296 21.333333333333332 12.711733992707313 0 172 22 153.0 5.333333333333333 28.0 1
-25.868626910316028 21.333333333333332 10.715136106222516 0 172 59 157.5 5.333333333333333 28.0 1
-26.6295824562643 21.333333333333332 8.65247584249853 0 172 82 162.0 5.333333333333333 28.0 1
-27.226357771134943 21.333333333333332 6.536470187965355 0 172 92 166.5 5.333333333333333 28.0 1
-27.655273536663856 21.333333333333332 4.3801650211264676 0 172 101 171.0 5.333333333333333 28.0 1
-27.913685344527583 21.333333333333332 2.196854680379662 0 172 110 175.5 5.333333333333333 28.0 1
-27.333333333333336 21.333333333333332 3.3473679176694325e-15 0 172 119 180.0 5.333333333333333 27.333333333333336 1
-25.255239121239242 21.333333333333332 -1.987630425105402 0 171 129 184.5 5.333333333333333 25.333333333333332 1
-23.046061280553218 21.333333333333332 -3.6501375176053843 0 169 139 189.0 5.333333333333333 23.333333333333336 1
-21.716261555548115 21.333333333333332 -5.213613126115218 0 169 150 193.5 5.333333333333333 22.333333333333336 1
-20.28920568096328 21.333333333333332 -6.592362546665543 0 168 160 198.0 5.333333333333333 21.333333333333336 1
-18.477590650225736 21.333333333333332 -7.653668647301793 0 166 167 202.5 5.333333333333333 20.0 1
-16.03811743539062 21.333333333333332 -8.17182899531184 0 164 174 207.0 5.333333333333333 18.0 1
-15.063309570255628 21.333333333333332 -9.230807976648425 0 163 183 211.5 5.333333333333333 17.666666666666664 1
-13.483616572915789 21.333333333333332 -9.796420871541216 0 161 190 216.0 5.333333333333333 16.666666666666664 1
-12.673432760000516 21.333333333333332 -10.82413413883639 0 161 199 220.5 5.333333333333333 16.666666666666664 1
-11.313708498984763 21.333333333333332 -11.31370849898476 0 159 206 225.0 5.333333333333333 16.0 1
-10.391168773282935 21.333333333333332 -12.166495449600498 0 157 216 229.5 5.333333333333333 16.0 1
-9.404564036679572 21.333333333333332 -12.944271909999157 0 156 225 234.0 5.333333333333333 16.0 1
-8.359977035455177 21.333333333333332 -13.642242629665478 0 153 230 238.5 5.333333333333333 16.0 1
-7.263847995832751 21.333333333333332 -14.256104387013885 0 151 235 243.0 5.333333333333333 16.0 1
-6.25049606196313 21.333333333333332 -15.090032364351021 0 149 241 247.5 5.333333333333333 16.333333333333336 1
-5.356294569165758 21.333333333333332 -16.484979615782663 0 148 249 252.0 5.333333333333333 17.333333333333336 1
-3.890756064265086 21.333333333333332 -16.206165339961277 0 144 248 256.5 5.333333333333333 16.666666666666668 1
-2.6072410840038507 21.333333333333332 -16.461472343252296 0 140 250 261.0 5.333333333333333 16.666666666666668 1
-1.3076515954640782 21.333333333333332 -16.615288895552133 0 137 251 265.5 5.333333333333333 16.666666666666668 1
-3.061616997868383e-15 21.333333333333332 -16.666666666666668 0 133 252 270.0 5.333333333333333 16.666666666666668 1
1.386110691191932 21.333333333333332 -17.612206229285263 36 125 255 274.5 5.333333333333333 17.666666666666668 1
2.8158203707241523 21.333333333333332 -17.77839013071248 89 117 255 279.0 5.333333333333333 18.0 1
4.435461913262207 21.333333333333332 -18.475028487555853 114 110 255 283.5 5.333333333333333 19.0 1
6.180339887498945 21.333333333333332 -19.021130325903073 140 101 255 288.0 5.333333333333333 20.0 1
8.41903551203198 21.333333333333332 -20.325349715248304 163 87 255 292.5 5.333333333333333 22.0 1
10.593111660589422 21.333333333333332 -20.79015223106192 180 74 255 297.0 5.333333333333333 23.333333333333336 1
12.714131741421427 21.333333333333332 -20.747577332616242 193 60 255 301.5 5.333333333333333 24.333333333333336 1
14.890559724742648 21.333333333333332 -20.495097190832006 208 38 255 306.0 5.333333333333333 25.333333333333336 1
17.10213193936151 21.333333333333332 -20.024023760800812 223 0 253 310.5 5.333333333333333 26.333333333333336 1
19.798989873223327 21.333333333333332 -19.798989873223334 240 0 250 315.0 5.333333333333333 28.0 1
21.29136703680087 21.333333333333332 -18.184545353245134 249 0 239 319.5 5.333333333333333 28.0 1
23.191820505415155 21.333333333333332 -16.849843899050903 255 0 230 324.0 5.333333333333333 28.666666666666664 1
23.305497825678525 21.333333333333332 -14.281627435569265 255 0 212 328.5 5.333333333333333 27.333333333333336 1
22.572165279438654 21.333333333333332 -11.501092660068524 255 0 192 333.0 5.333333333333333 25.333333333333336 1
22.481068624441317 21.333333333333332 -9.311963520883847 255 0 175 337.5 5.333333333333333 24.333333333333336 1
22.191318713553585 21.333333333333332 -7.2103965354154465 255 0 158 342.0 5.333333333333333 23.333333333333336 1
21.716261555548115 21.333333333333332 -5.2136131261152165 255 0 146 346.5 5.333333333333333 22.333333333333336 1
21.070684599362938 21.333333333333332 -3.3372685875249304 255 0 135 351.0 5.333333333333333 21.333333333333336 1
20.270652452573604 21.333333333333332 -1.5953349464661768 255 0 123 355.5 5.333333333333333 20.333333333333336 1
18.666666666666668 22.666666666666664 0.0 255 40 119 0.0 5.666666666666666 18.666666666666668 1
18.60912356301839 22.666666666666664 1.4645697869197725 255 39 109 4.5 5.666666666666666 18.666666666666668 1
18.436849024442573 22.666666666666664 2.92011001408431 255 39 99 9.0 5.666666666666666 18.666666666666668 1
18.15090518075663 22.666666666666664 4.357646791976901 255 43 86 13.5 5.666666666666666 18.666666666666668 1
17.753054970842868 22.666666666666664 5.768317228332352 255 46 74 18.0 5.666666666666666 18.666666666666668 1
17.24575127354402 22.666666666666664 7.143424070815009 255 51 59 22.5 5.666666666666666 18.666666666666668 1
16.632121784849534 22.666666666666664 8.47448932847154 255 57 40 27.0 5.666666666666666 18.666666666666668 1
15.347522958373661 22.666666666666664 9.40497416488708 255 70 5 31.5 5.666666666666666 18.0 1
14.562305898749054 22.666666666666664 10.580134541264517 252 78 0 36.0 5.666666666666666 18.0 1
13.687307380800556 22.666666666666664 11.690064869943306 245 88 0 40.5 5.666666666666666 18.0 1
12.256517540566824 22.666666666666664 12.256517540566824 235 98 0 45.0 5.666666666666666 17.333333333333332 1
11.25709950438985 22.666666666666664 13.180370070400535 228 104 0 49.5 5.666666666666666 17.333333333333332 1
9.796420871541217 22.666666666666664 13.483616572915789 220 110 0 54.0 5.666666666666666 16.666666666666664 1
8.534143223693832 22.666666666666664 13.926456017783504 214 114 0 58.5 5.666666666666666 16.333333333333332 1
6.9611876626730504 22.666666666666664 13.662100037554971 207 119 0 63.0 5.666666666666666 15.333333333333332 1
5.485129197232954 22.666666666666664 13.242273299328442 200 123 0 67.5 5.666666666666666 14.333333333333332 1
4.120226591665966 22.666666666666664 12.680753550602047 193 127 0 72.0 5.666666666666666 13.333333333333332 1
3.1126048514120725 22.666666666666664 12.964932271969019 188 129 0 76.5 5.666666666666666 13.333333333333332 1
2.0857928672030788 22.666666666666664 13.169177874601836 182 132 0 81.0 5.666666666666666 13.333333333333332 1
1.0461212763712666 22.666666666666664 13.292231116441705 177 135 0 85.5 5.666666666666666 13.333333333333332 1
8.164311994315687e-16 22.666666666666664 13.333333333333332 171 137 0 90.0 5.666666666666666 13.333333333333332 1
-1.0461212763712648 22.666666666666664 13.292231116441705 166 139 0 94.5 5.666666666666666 13.333333333333332 1
-2.0857928672030774 22.666666666666664 13.169177874601836 161 141 0 99.0 5.666666666666666 13.333333333333332 1
-3.1126048514120708 22.666666666666664 12.96493227196902 155 143 0 103.5 5.666666666666666 13.333333333333332 1
-4.120226591665964 22.666666666666664 12.680753550602047 150 145 0 108.0 5.666666666666666 13.333333333333332 1
-5.102445764867863 22.666666666666664 12.318393766817156 142 147 0 112.5 5.666666666666666 13.333333333333332 1
-6.053206663193956 22.666666666666664 11.880086989178238 134 149 0 117.0 5.666666666666666 13.333333333333332 1
-6.966647529545983 22.666666666666664 11.36853552472123 125 151 0 121.5 5.666666666666666 13.333333333333332 1
-7.837136697232973 22.666666666666664 10.786893258332631 114 154 0 126.0 5.666666666666666 13.333333333333332 1
-9.308755359399298 22.666666666666664 10.899152173600443 91 158 0 130.5 5.666666666666666 14.333333333333332 1
-10.842303978193726 22.666666666666664 10.842303978193728 60 162 0 135.0 5.666666666666666 15.333333333333332 1
-13.180370070400535 22.666666666666664 11.257099504389851 0 166 0 139.5 5.666666666666666 17.333333333333332 1
-15.640995224582314 22.666666666666664 11.363848210987815 0 171 0 144.0 5.666666666666666 19.333333333333332 1
-20.463363944498212 22.666666666666664 12.539965553182775 0 176 0 148.5 5.666666666666666 24.0 1
-24.948182677274296 22.666666666666664 12.711733992707313 0 182 25 153.0 5.666666666666666 28.0 1
-25.868626910316028 22.666666666666664 10.715136106222516 0 182 63 157.5 5.666666666666666 28.0 1
-26.6295824562643 22.666666666666664 8.65247584249853 0 183 88 162.0 5.666666666666666 28.0 1
-27.226357771134943 22.666666666666664 6.536470187965355 0 183 98 166.5 5.666666666666666 28.0 1
-27.655273536663856 22.666666666666664 4.3801650211264676 0 183 107 171.0 5.666666666666666 28.0 1
-27.58137956661654 22.666666666666664 2.1707016484703803 0 182 116 175.5 5.666666666666666 27.666666666666668 1
-26.666666666666668 22.666666666666664 3.2657247977262754e-15 0 182 126 180.0 5.666666666666666 26.666666666666668 1
-24.590627565417158 22.666666666666664 -1.935324361286839 0 180 136 184.5 5.666666666666666 24.666666666666668 1
-22.387602386823122 22.666666666666664 -3.54584787424523 0 179 146 189.0 5.666666666666666 22.666666666666668 1
-21.068014941949663 22.666666666666664 -5.057982883544614 0 178 157 193.5 5.666666666666666 21.666666666666668 1
-19.655168003433175 22.666666666666664 -6.386351217082244 0 177 167 198.0 5.666666666666666 20.666666666666668 1
-18.16963080605531 22.666666666666664 -7.526107503180097 0 176 174 202.5 5.666666666666666 19.666666666666668 1
-16.03811743539062 22.666666666666664 -8.17182899531184 0 174 181 207.0 5.666666666666666 18.0 1
-15.347522958373661 22.666666666666664 -9.404974164887076 0 173 192 211.5 5.666666666666666 18.0 1
-14.02296123583242 22.666666666666664 -10.188277706402864 0 172 200 216.0 5.666666666666666 17.333333333333332 1
-12.926901415200527 22.666666666666664 -11.04061682161312 0 170 208 220.5 5.666666666666666 17.0 1
-11.313708498984763 22.666666666666664 -11.31370849898476 0 168 214 225.0 5.666666666666666 16.0 1
-10.391168773282935 22.666666666666664 -12.166495449600498 0 167 224 229.5 5.666666666666666 16.0 1
-9.404564036679572 22.666666666666664 -12.944271909999157 0 165 234 234.0 5.666666666666666 16.0 1
-8.359977035455177 22.666666666666664 -13.642242629665478 0 163 239 238.5 5.666666666666666 16.0 1
-7.263847995832751 22.666666666666664 -14.256104387013885 0 160 245 243.0 5.666666666666666 16.0 1
-6.122934917841432 22.666666666666664 -14.78207252018059 0 158 249 247.5 5.666666666666666 16.0 1
-5.15028323958246 22.666666666666664 -15.85094193825256 0 157 255 252.0 5.666666666666666 16.666666666666668 1
-3.6573107004091807 22.666666666666664 -15.233795419563602 0 153 250 256.5 5.666666666666666 15.666666666666668 1
-2.398661797283543 22.666666666666664 -15.144554555792114 0 149 249 261.0 5.666666666666666 15.333333333333336 1
-1.203039467826952 22.666666666666664 -15.286065783907965 0 145 250 265.5 5.666666666666666 15.333333333333336 1
-2.8166876380389127e-15 22.666666666666664 -15.333333333333336 0 142 251 270.0 5.666666666666666 15.333333333333336 1
1.2553455316455235 22.666666666666664 -15.950677339730051 67 135 254 274.5 5.666666666666666 16.000000000000004 0
2.5029514406436912 22.666666666666664 -15.803013449522208 102 129 253 279.0 5.666666666666666 16.000000000000004 0
3.968571185550397 22.666666666666664 -16.530288646760503 122 123 255 283.5 5.666666666666666 17.000000000000004 1
5.5623058987490515 22.666666666666664 -17.11901729331277 145 115 255 288.0 5.666666666666666 18.000000000000004 1
7.526107503180105 22.666666666666664 -18.16963080605531 166 105 255 292.5 5.666666666666666 19.66666666666667 1
9.382470327950633 22.666666666666664 -18.414134833226278 181 96 255 297.0 5.666666666666666 20.66666666666667 1
11.32080223551223 22.666666666666664 -18.473870227672 194 87 255 301.5 5.666666666666666 21.66666666666667 1
13.323132385296056 22.666666666666664 -18.337718539165483 208 74 255 306.0 5.666666666666666 22.66666666666667 1
15.586753159924415 22.666666666666664 -18.24974317440074 225 53 252 310.5 5.666666666666666 24.000000000000004 0
18.384776310850235 22.666666666666664 -18.384776310850242 244 0 252 315.0 5.666666666666666 26.000000000000004 1
20.02402376080082 22.666666666666664 -17.1021319393615 254 0 242 319.5 5.666666666666666 26.333333333333336 1
22.113131179581895 22.666666666666664 -16.066130229327605 255 0 235 324.0 5.666666666666666 27.333333333333336 1
22.452857661324433 22.666666666666664 -13.759128870853317 255 0 218 328.5 5.666666666666666 26.333333333333336 1
21.97816092997974 22.666666666666664 -11.198432326908826 255 0 199 333.0 5.666666666666666 24.666666666666668 1
21.865148936100457 22.666666666666664 -9.056841232640453 255 0 182 337.5 5.666666666666666 23.666666666666668 1
21.557281036023483 22.666666666666664 -7.004385205832148 255 0 164 342.0 5.666666666666666 22.666666666666668 1
21.068014941949663 22.666666666666664 -5.057982883544613 255 0 153 346.5 5.666666666666666 21.666666666666668 1
20.412225705632846 22.666666666666664 -3.2329789441647763 255 0 142 351.0 5.666666666666666 20.666666666666668 1
19.60604089675152 22.666666666666664 -1.5430288826476135 255 19 130 355.5 5.666666666666666 19.666666666666668 1
18.0 24.0 0.0 255 64 126 0.0 6.0 18.0 1
17.944512007196302 24.0 1.412263723101209 255 64 117 4.5 6.0 18.0 1
17.77839013071248 24.0 2.815820370724156 255 64 107 9.0 6.0 18.0 1
17.50265856715818 24.0 4.202016549406297 255 66 96 13.5 6.0 18.0 1
17.119017293312762 24.0 5.562305898749053 255 67 84 18.0 6.0 18.0 1
16.62983158520316 24.0 6.888301782571616 255 71 68 22.5 6.0 18.0 1
16.03811743539062 24.0 8.171828995311841 255 75 51 27.0 6.0 18.0 1
15.347522958373661 24.0 9.40497416488708 255 82 17 31.5 6.0 18.0 1
14.562305898749054 24.0 10.580134541264517 255 88 0 36.0 6.0 18.0 1
13.687307380800556 24.0 11.690064869943306 255 97 0 40.5 6.0 18.0 1
12.727922061357857 24.0 12.727922061357857 248 105 0 45.0 6.0 18.0 1
11.690064869943306 24.0 13.687307380800556 241 112 0 49.5 6.0 18.0 1
10.580134541264517 24.0 14.562305898749054 234 117 0 54.0 6.0 18.0 1
8.882475600171132 24.0 14.494882794019567 226 122 0 58.5 6.0 17.0 1
7.263847995832749 24.0 14.256104387013885 219 127 0 63.0 6.0 16.0 1
5.740251485476348 24.0 13.858192987669302 212 131 0 67.5 6.0 15.0 1
4.326237921249264 24.0 13.31479122813215 205 135 0 72.0 6.0 14.0 1
3.2682350939826765 24.0 13.613178885567471 199 138 0 76.5 6.0 14.0 1
2.190082510563233 24.0 13.827636768331928 193 140 0 81.0 6.0 14.0 1
1.09842734018983 24.0 13.956842672263791 187 143 0 85.5 6.0 14.0 1
8.572527594031472e-16 24.0 14.0 181 146 0 90.0 6.0 14.0 1
-1.0984273401898283 24.0 13.956842672263791 176 148 0 94.5 6.0 14.0 1
-2.1900825105632316 24.0 13.827636768331928 170 150 0 99.0 6.0 14.0 1
-3.2682350939826748 24.0 13.613178885567473 165 152 0 103.5 6.0 14.0 1
-4.3262379212492625 24.0 13.314791228132151 159 154 0 108.0 6.0 14.0 1
-5.357568053111256 24.0 12.934313455158014 151 156 0 112.5 6.0 14.0 1
-6.3558669963536545 24.0 12.47409133863715 143 158 0 117.0 6.0 14.0 1
-7.314979906023283 24.0 11.936962300957292 133 161 0 121.5 6.0 14.0 1
-8.228993532094622 24.0 11.326237921249264 122 163 0 126.0 6.0 14.0 1
-9.741720724952753 24.0 11.406089484000464 98 167 0 130.5 6.0 15.0 1
-11.31370849898476 24.0 11.313708498984761 67 171 0 135.0 6.0 16.0 1
-13.687307380800556 24.0 11.690064869943308 0 176 0 139.5 6.0 18.0 1
-16.180339887498945 24.0 11.755705045849465 0 181 0 144.0 6.0 20.0 1
-20.463363944498212 24.0 12.539965553182775 0 186 0 148.5 6.0 24.0 1
-24.948182677274296 24.0 12.711733992707313 0 192 27 153.0 6.0 28.0 1
-25.868626910316028 24.0 10.715136106222516 0 193 66 157.5 6.0 28.0 1
-26.6295824562643 24.0 8.65247584249853 0 193 95 162.0 6.0 28.0 1
-27.226357771134943 24.0 6.536470187965355 0 193 104 166.5 6.0 28.0 1
-27.655273536663856 24.0 4.3801650211264676 0 193 114 171.0 6.0 28.0 1
-26.916768010794456 24.0 2.1183955846518168 0 192 123 175.5 6.0 27.0 1
-26.0 24.0 3.184081677783118e-15 0 191 133 180.0 6.0 26.0 1
-23.92601600959507 24.0 -1.8830182974682756 0 189 144 184.5 6.0 24.0 1
-21.72914349309303 24.0 -3.441558230885076 0 188 154 189.0 6.0 22.0 1
-20.41976832835121 24.0 -4.902352640974011 0 187 164 193.5 6.0 21.0 1
-19.021130325903073 24.0 -6.1803398874989455 0 186 174 198.0 6.0 20.0 1
-17.55371111771445 24.0 -7.270985214936704 0 184 181 202.5 6.0 19.0 1
-16.03811743539062 24.0 -8.17182899531184 0 183 189 207.0 6.0 18.0 1
-15.347522958373661 24.0 -9.404974164887076 0 182 200 211.5 6.0 18.0 1
-14.562305898749054 24.0 -10.580134541264515 0 182 211 216.0 6.0 18.0 1
-12.926901415200527 24.0 -11.04061682161312 0 180 217 220.5 6.0 17.0 1
-11.313708498984763 24.0 -11.31370849898476 0 178 223 225.0 6.0 16.0 1
-10.391168773282935 24.0 -12.166495449600498 0 176 233 229.5 6.0 16.0 1
-9.404564036679572 24.0 -12.944271909999157 0 174 243 234.0 6.0 16.0 1
-8.359977035455177 24.0 -13.642242629665478 0 172 249 238.5 6.0 16.0 1
-7.263847995832751 24.0 -14.256104387013885 0 170 255 243.0 6.0 16.0 1
-6.122934917841432 24.0 -14.78207252018059 0 168 255 247.5 6.0 16.0 1
-4.944271909999161 24.0 -15.216904260722456 0 166 255 252.0 6.0 16.0 1
-3.501680457838577 24.0 -14.58554880596515 0 162 255 256.5 6.0 15.0 1
-2.1900825105632347 24.0 -13.827636768331928 0 157 249 261.0 6.0 14.0 1
-1.0984273401898255 24.0 -13.956842672263791 0 155 250 265.5 6.0 14.0 1
-2.5717582782094417e-15 24.0 -14.0 23 152 251 270.0 6.0 14.0 0
1.0984273401898328 24.0 -13.956842672263791 82 147 250 274.5 6.0 14.0 0
2.1900825105632293 24.0 -13.827636768331928 113 141 249 279.0 6.0 14.0 0
3.501680457838585 24.0 -14.585548805965148 132 135 253 283.5 6.0 15.0 0
4.944271909999156 24.0 -15.216904260722458 149 129 255 288.0 6.0 16.0 1
6.50561835020653 24.0 -15.705952052691872 166 122 255 292.5 6.0 17.0 1
8.17182899531184 24.0 -16.038117435390625 182 115 254 297.0 6.0 18.0 0
9.927472729603032 24.0 -16.200163122727748 195 108 254 301.5 6.0 19.0 0
11.755705045849458 24.0 -16.180339887498953 207 99 254 306.0 6.0 20.0 0
14.287857063264045 24.0 -16.728931243200677 227 80 254 310.5 6.0 22.0 0
16.970562748477136 24.0 -16.970562748477143 247 52 254 315.0 6.0 24.0 0
19.010149140000777 24.0 -16.236201208254585 255 17 247 319.5 6.0 25.0 1
21.034441853748632 24.0 -15.282416559604307 255 0 240 324.0 6.0 26.0 1
21.316004108852308 24.0 -13.062464117898717 255 0 223 328.5 6.0 25.0 1
21.384156580520827 24.0 -10.895771993749127 255 0 206 333.0 6.0 24.0 1
21.249229247759597 24.0 -8.80171894439706 255 0 189 337.5 6.0 23.0 1
20.923243358493377 24.0 -6.798373876248849 255 4 171 342.0 6.0 22.0 1
20.41976832835121 24.0 -4.9023526409740095 255 27 160 346.5 6.0 21.0 1
19.753766811902754 24.0 -3.1286893008046217 255 40 149 351.0 6.0 20.0 1
18.94142934092943 24.0 -1.4907228188290502 255 54 138 355.5 6.0 19.0 1
17.333333333333336 25.333333333333332 0.0 255 81 134 0.0 6.333333333333333 17.333333333333336 1
17.27990045137422 25.333333333333332 1.359957659282646 255 81 125 4.5 6.333333333333333 17.333333333333336 1
17.11993123698239 25.333333333333332 2.711530727364002 255 81 116 9.0 6.333333333333333 17.333333333333336 1
16.85441195355973 25.333333333333332 4.046386306835694 255 82 104 13.5 6.333333333333333 17.333333333333336 1
15.85094193825256 25.333333333333332 5.150283239582457 255 89 96 18.0 6.333333333333333 16.666666666666668 1
15.397992208521448 25.333333333333332 6.37805720608483 255 91 83 22.5 6.333333333333333 16.666666666666668 1
15.444113085931713 25.333333333333332 7.869168662152145 255 89 63 27.0 6.333333333333333 17.333333333333336 1
14.779096182137602 25.333333333333332 9.056641788409781 255 95 34 31.5 6.333333333333333 17.333333333333336 1
14.022961235832424 25.333333333333332 10.18827770640287 255 100 0 36.0 6.333333333333333 17.333333333333336 1
14.194244691200575 25.333333333333332 12.12303023549676 255 105 0 40.5 6.333333333333333 18.666666666666664 1
13.199326582148887 25.333333333333332 13.199326582148887 255 113 0 45.0 6.333333333333333 18.666666666666664 1
12.12303023549676 25.333333333333332 14.194244691200575 253 119 0 49.5 6.333333333333333 18.666666666666664 1
10.971991376126164 25.333333333333332 15.101650561665684 246 125 0 54.0 6.333333333333333 18.666666666666664 1
9.23080797664843 25.333333333333332 15.063309570255626 238 130 0 58.5 6.333333333333333 17.666666666666664 1
7.5665083289924455 25.333333333333332 14.850108736472794 230 135 0 63.0 6.333333333333333 16.666666666666664 1
6.250496061963133 25.333333333333332 15.090032364351016 224 139 0 67.5 6.333333333333333 16.333333333333332 1
4.738260580415861 25.333333333333332 14.582866583192352 216 143 0 72.0 6.333333333333333 15.333333333333332 1
3.5794955791238836 25.333333333333332 14.909672112764373 211 146 0 76.5 6.333333333333333 15.333333333333332 1
2.294372153923387 25.333333333333332 14.48609566206202 204 149 0 81.0 6.333333333333333 14.666666666666666 1
1.1507334040083932 25.333333333333332 14.621454228085875 197 152 0 85.5 6.333333333333333 14.666666666666666 1
8.980743193747256e-16 25.333333333333332 14.666666666666666 191 154 0 90.0 6.333333333333333 14.666666666666666 1
-1.1507334040083914 25.333333333333332 14.621454228085875 186 157 0 94.5 6.333333333333333 14.666666666666666 1
-2.2943721539233852 25.333333333333332 14.48609566206202 180 159 0 99.0 6.333333333333333 14.666666666666666 1
-3.4238653365532783 25.333333333333332 14.261425499165924 174 161 0 103.5 6.333333333333333 14.666666666666666 1
-4.532249250832561 25.333333333333332 13.948828905662253 168 163 0 108.0 6.333333333333333 14.666666666666666 1
-5.612690341354649 25.333333333333332 13.550233143498872 160 165 0 112.5 6.333333333333333 14.666666666666666 1
-6.658527329513352 25.333333333333332 13.068095688096061 152 167 0 117.0 6.333333333333333 14.666666666666666 1
-7.663312282500582 25.333333333333332 12.505389077193353 141 170 0 121.5 6.333333333333333 14.666666666666666 1
-8.62085036695627 25.333333333333332 11.865582584165896 130 173 0 126.0 6.333333333333333 14.666666666666666 1
-10.174686090506208 25.333333333333332 11.913026794400484 106 177 0 130.5 6.333333333333333 15.666666666666666 1
-11.785113019775789 25.333333333333332 11.78511301977579 74 181 0 135.0 6.333333333333333 16.666666666666664 1
-14.194244691200575 25.333333333333332 12.123030235496762 0 186 0 139.5 6.333333333333333 18.666666666666664 1
-16.719684550415575 25.333333333333332 12.147561880711113 0 191 0 144.0 6.333333333333333 20.666666666666664 1
-19.894937168262153 25.333333333333332 12.191633176705476 0 196 0 148.5 6.333333333333333 23.333333333333336 1
-24.35417832781539 25.333333333333332 12.409073659547616 0 202 34 153.0 6.333333333333333 27.333333333333336 1
-25.25270722197517 25.333333333333332 10.460013817979124 0 202 72 157.5 6.333333333333333 27.333333333333336 1
-25.9955447787342 25.333333333333332 8.446464512915233 0 202 102 162.0 6.333333333333333 27.333333333333336 1
-26.578111157536494 25.333333333333332 6.380839945394752 0 202 112 166.5 6.333333333333333 27.333333333333336 1
-26.996814642933764 25.333333333333332 4.275875377766313 0 202 121 171.0 6.333333333333333 27.333333333333336 1
-26.252156454972372 25.333333333333332 2.0660895208332537 0 202 131 175.5 6.333333333333333 26.333333333333336 1
-25.333333333333336 25.333333333333332 3.102438557839962e-15 0 201 140 180.0 6.333333333333333 25.333333333333336 1
-23.92601600959507 25.333333333333332 -1.8830182974682756 0 200 151 184.5 6.333333333333333 24.0 1
-21.72914349309303 25.333333333333332 -3.441558230885076 0 198 161 189.0 6.333333333333333 22.0 1
-20.41976832835121 25.333333333333332 -4.902352640974011 0 197 171 193.5 6.333333333333333 21.0 1
-19.021130325903073 25.333333333333332 -6.1803398874989455 0 195 181 198.0 6.333333333333333 20.0 1
-17.55371111771445 25.333333333333332 -7.270985214936704 0 194 189 202.5 6.333333333333333 19.0 1
-16.03811743539062 25.333333333333332 -8.17182899531184 0 193 197 207.0 6.333333333333333 18.0 1
-15.347522958373661 25.333333333333332 -9.404974164887076 0 192 208 211.5 6.333333333333333 18.0 1
-14.022961235832424 25.333333333333332 -10.188277706402868 0 191 217 216.0 6.333333333333333 17.333333333333336 1
-12.926901415200527 25.333333333333332 -11.04061682161312 0 189 226 220.5 6.333333333333333 17.0 1
-11.313708498984763 25.333333333333332 -11.31370849898476 0 187 232 225.0 6.333333333333333 16.0 1
-10.391168773282935 25.333333333333332 -12.166495449600498 0 185 242 229.5 6.333333333333333 16.0 1
-9.012707201817923 25.333333333333332 -12.404927247082526 0 182 248 234.0 6.333333333333333 15.333333333333334 1
-7.66331228250058 25.333333333333332 -12.505389077193357 0 179 249 238.5 6.333333333333333 14.666666666666668 1
-6.658527329513356 25.333333333333332 -13.068095688096061 0 177 255 243.0 6.333333333333333 14.666666666666668 1
-5.6126903413546465 25.333333333333332 -13.550233143498875 0 175 255 247.5 6.333333333333333 14.666666666666668 1
-4.532249250832565 25.333333333333332 -13.948828905662253 0 173 255 252.0 6.333333333333333 14.666666666666668 1
-3.1904199726973705 25.333333333333332 -13.289055578768249 0 169 255 256.5 6.333333333333333 13.666666666666668 1
-1.9815032238429267 25.333333333333332 -12.510718980871745 0 165 249 261.0 6.333333333333333 12.666666666666668 1
-0.9938152125526993 25.333333333333332 -12.627619560619623 46 163 250 265.5 6.333333333333333 12.666666666666668 0
-2.326828918379971e-15 25.333333333333332 -12.666666666666668 71 160 250 270.0 6.333333333333333 12.666666666666668 0
0.9938152125527061 25.333333333333332 -12.627619560619623 100 156 250 274.5 6.333333333333333 12.666666666666668 0
1.981503223842922 25.333333333333332 -12.510718980871745 127 151 249 279.0 6.333333333333333 12.666666666666668 0
3.1904199726973776 25.333333333333332 -13.289055578768247 141 146 254 283.5 6.333333333333333 13.666666666666668 0
4.532249250832559 25.333333333333332 -13.948828905662255 157 140 255 288.0 6.333333333333333 14.666666666666668 1
5.7402514854763504 25.333333333333332 -13.858192987669302 173 135 253 292.5 6.333333333333333 15.000000000000002 0
7.263847995832746 25.333333333333332 -14.256104387013888 186 129 253 297.0 6.333333333333333 16.0 0
8.882475600171134 25.333333333333332 -14.494882794019565 197 123 254 301.5 6.333333333333333 17.0 0
10.580134541264513 25.333333333333332 -14.562305898749056 210 116 253 306.0 6.333333333333333 18.0 0
12.988960966603678 25.333333333333332 -15.208119312000616 229 102 254 310.5 6.333333333333333 20.0 0
15.556349186104041 25.333333333333332 -15.556349186104049 249 82 254 315.0 6.333333333333333 22.0 0
17.99627451920074 25.333333333333332 -15.370270477147677 255 58 252 319.5 6.333333333333333 23.66666666666667 1
19.955752527915372 25.333333333333332 -14.498702889881013 255 28 245 324.0 6.333333333333333 24.66666666666667 1
20.179150556380186 25.333333333333332 -12.36579936494412 255 37 228 328.5 6.333333333333333 23.666666666666668 1
20.196147881603004 25.333333333333332 -10.290451327429732 255 42 212 333.0 6.333333333333333 22.666666666666668 1
20.01738987107788 25.333333333333332 -8.291474367910274 255 47 194 337.5 6.333333333333333 21.666666666666668 1
19.655168003433175 25.333333333333332 -6.386351217082252 255 55 178 342.0 6.333333333333333 20.666666666666668 1
19.12327510115431 25.333333333333332 -4.591092155832802 255 62 167 346.5 6.333333333333333 19.666666666666668 1
18.43684902444257 25.333333333333332 -2.920110014084314 255 70 157 351.0 6.333333333333333 18.666666666666668 1
18.276817785107347 25.333333333333332 -1.4384167550104872 255 73 146 355.5 6.333333333333333 18.333333333333336 1
16.666666666666668 26.666666666666664 0.0 255 96 143 0.0 6.666666666666666 16.666666666666668 1
16.615288895552133 26.666666666666664 1.3076515954640824 255 96 134 4.5 6.666666666666666 16.666666666666668 1
16.461472343252296 26.666666666666664 2.607241084003848 255 96 124 9.0 6.666666666666666 16.666666666666668 1
15.882042033162053 26.666666666666664 3.8129409429797887 255 99 115 13.5 6.666666666666666 16.333333333333336 1
14.582866583192356 26.666666666666664 4.738260580415861 255 107 109 18.0 6.666666666666666 15.333333333333336 1
14.47411267601016 26.666666666666664 5.995373773719741 255 107 94 22.5 6.666666666666666 15.666666666666668 1
14.8501087364728 26.666666666666664 7.566508328992446 255 103 75 27.0 6.666666666666666 16.666666666666668 1
14.21066940590154 26.666666666666664 8.70830941193248 255 108 51 31.5 6.666666666666666 16.666666666666668 1
13.483616572915793 26.666666666666664 9.796420871541219 255 112 26 36.0 6.666666666666666 16.666666666666668 1
14.194244691200579 26.666666666666664 12.123030235496762 255 114 0 40.5 6.666666666666666 18.666666666666668 1
13.67073110293992 26.666666666666664 13.67073110293992 255 120 0 45.0 6.666666666666666 19.333333333333332 1
12.555995601050217 26.666666666666664 14.701182001600596 255 127 0 49.5 6.666666666666666 19.333333333333332 1
11.363848210987813 26.666666666666664 15.640995224582316 255 133 0 54.0 6.666666666666666 19.333333333333332 1
9.57914035312573 26.666666666666664 15.631736346491689 250 138 0 58.5 6.666666666666666 18.333333333333332 1
7.869168662152144 26.666666666666664 15.444113085931708 242 143 0 63.0 6.666666666666666 17.333333333333332 1
6.633179494328223 26.666666666666664 16.013911896862304 235 147 0 67.5 6.666666666666666 17.333333333333332 1
5.150283239582457 26.666666666666664 15.850941938252557 228 151 0 72.0 6.666666666666666 16.666666666666664 1
3.812940942979789 26.666666666666664 15.88204203316205 222 154 0 76.5 6.666666666666666 16.333333333333332 1
2.3986617972835407 26.666666666666664 15.144554555792112 215 157 0 81.0 6.666666666666666 15.333333333333332 1
1.2030394678269565 26.666666666666664 15.286065783907961 209 160 0 85.5 6.666666666666666 15.333333333333332 1
9.38895879346304e-16 26.666666666666664 15.333333333333332 201 163 0 90.0 6.666666666666666 15.333333333333332 1
-1.2030394678269547 26.666666666666664 15.286065783907961 195 166 0 94.5 6.666666666666666 15.333333333333332 1
-2.398661797283539 26.666666666666664 15.144554555792112 190 168 0 99.0 6.666666666666666 15.333333333333332 1
-3.5794955791238814 26.666666666666664 14.909672112764374 184 170 0 103.5 6.666666666666666 15.333333333333332 1
-4.738260580415859 26.666666666666664 14.582866583192354 178 172 0 108.0 6.666666666666666 15.333333333333332 1
-5.867812629598042 26.666666666666664 14.166152831839728 169 174 0 112.5 6.666666666666666 15.333333333333332 1
-6.96118766267305 26.666666666666664 13.662100037554973 161 177 0 117.0 6.666666666666666 15.333333333333332 1
-8.01164465897788 26.666666666666664 13.073815853429414 149 179 0 121.5 6.666666666666666 15.333333333333332 1
-9.01270720181792 26.666666666666664 12.404927247082526 138 182 0 126.0 6.666666666666666 15.333333333333332 1
-10.607651456059664 26.666666666666664 12.419964104800505 114 186 0 130.5 6.666666666666666 16.333333333333332 1
-12.256517540566822 26.666666666666664 12.256517540566824 81 191 0 135.0 6.666666666666666 17.333333333333332 1
-14.701182001600596 26.666666666666664 12.555995601050219 0 196 0 139.5 6.666666666666666 19.333333333333332 1
-17.25902921333221 26.666666666666664 12.539418715572761 0 201 0 144.0 6.666666666666666 21.333333333333332 1
-19.89493716826215 26.666666666666664 12.191633176705475 0 206 0 148.5 6.666666666666666 23.333333333333332 1
-23.760173978356477 26.666666666666664 12.106413326387917 0 211 41 153.0 6.666666666666666 26.666666666666668 1
-24.636787533634315 26.666666666666664 10.20489152973573 0 211 78 157.5 6.666666666666666 26.666666666666668 1
-25.361507101204094 26.666666666666664 8.240453183331933 0 212 109 162.0 6.666666666666666 26.666666666666668 1
-25.92986454393804 26.666666666666664 6.225209702824148 0 212 119 166.5 6.666666666666666 26.666666666666668 1
-26.33835574920367 26.666666666666664 4.171585734406159 0 212 129 171.0 6.666666666666666 26.666666666666668 1
-25.587544899150284 26.666666666666664 2.01378345701469 0 211 138 175.5 6.666666666666666 25.666666666666668 1
-24.666666666666668 26.666666666666664 3.0207954378968047e-15 0 210 148 180.0 6.666666666666666 24.666666666666668 1
-23.593710231684028 26.666666666666664 -1.8568652655589941 0 209 158 184.5 6.666666666666666 23.666666666666668 1
-21.72914349309303 26.666666666666664 -3.441558230885076 0 208 169 189.0 6.666666666666666 22.0 1
-20.41976832835121 26.666666666666664 -4.902352640974011 0 206 179 193.5 6.666666666666666 21.0 1
-19.021130325903073 26.666666666666664 -6.1803398874989455 0 205 189 198.0 6.666666666666666 20.0 1
-17.55371111771445 26.666666666666664 -7.270985214936704 0 204 197 202.5 6.666666666666666 19.0 1
-16.03811743539062 26.666666666666664 -8.17182899531184 0 202 205 207.0 6.666666666666666 18.0 1
-15.063309570255631 26.666666666666664 -9.230807976648427 0 201 215 211.5 6.666666666666666 17.666666666666668 1
-13.483616572915793 26.666666666666664 -9.796420871541217 0 199 224 216.0 6.666666666666666 16.666666666666668 1
-12.673432760000518 26.666666666666664 -10.824134138836394 0 199 233 220.5 6.666666666666666 16.666666666666668 1
-11.313708498984763 26.666666666666664 -11.31370849898476 0 197 241 225.0 6.666666666666666 16.0 1
-10.174686090506208 26.666666666666664 -11.913026794400489 0 194 249 229.5 6.666666666666666 15.666666666666668 1
-8.620850366956274 26.666666666666664 -11.865582584165896 0 191 253 234.0 6.666666666666666 14.666666666666668 1
-7.140813717784631 26.666666666666664 -11.652748912839265 0 187 251 238.5 6.666666666666666 13.666666666666668 1
-6.05320666319396 26.666666666666664 -11.88008698917824 0 185 255 243.0 6.666666666666666 13.333333333333336 1
-5.102445764867861 26.666666666666664 -12.31839376681716 0 183 255 247.5 6.666666666666666 13.333333333333336 1
-4.120226591665968 26.666666666666664 -12.680753550602049 0 181 255 252.0 6.666666666666666 13.333333333333336 1
-2.879159487556164 26.666666666666664 -11.992562351571348 0 177 255 256.5 6.666666666666666 12.333333333333336 1
-1.7729239371226189 26.666666666666664 -11.193801193411563 60 174 248 261.0 6.666666666666666 11.333333333333336 0
-0.8892030849155732 26.666666666666664 -11.298396448975453 83 171 249 265.5 6.666666666666666 11.333333333333336 0
-2.0818995585505007e-15 26.666666666666664 -11.333333333333336 98 169 250 270.0 6.666666666666666 11.333333333333336 0
0.8892030849155792 26.666666666666664 -11.298396448975453 118 166 250 274.5 6.666666666666666 11.333333333333336 0
1.7729239371226146 26.666666666666664 -11.193801193411563 140 161 249 279.0 6.666666666666666 11.333333333333336 0
2.8791594875561706 26.666666666666664 -11.992562351571346 151 157 255 283.5 6.666666666666666 12.333333333333336 1
4.120226591665964 26.666666666666664 -12.68075355060205 165 151 255 288.0 6.666666666666666 13.333333333333336 1
5.102445764867868 26.666666666666664 -12.318393766817158 176 148 255 292.5 6.666666666666666 13.333333333333336 1
6.3558669963536545 26.666666666666664 -12.474091338637155 190 143 252 297.0 6.666666666666666 14.000000000000004 0
7.837478470739237 26.666666666666664 -12.789602465311384 201 138 253 301.5 6.666666666666666 15.000000000000004 0
9.404564036679568 26.666666666666664 -12.944271909999165 212 132 253 306.0 6.666666666666666 16.000000000000004 0
11.690064869943312 26.666666666666664 -13.687307380800558 231 120 254 310.5 6.666666666666666 18.000000000000004 0
14.14213562373095 26.666666666666664 -14.142135623730956 251 104 255 315.0 6.666666666666666 20.000000000000004 1
16.728931243200687 26.666666666666664 -14.287857063264038 255 84 254 319.5 6.666666666666666 22.000000000000004 1
18.877063202082105 26.666666666666664 -13.714989220157713 255 64 250 324.0 6.666666666666666 23.333333333333336 1
19.042297003908065 26.666666666666664 -11.669134611989522 255 68 233 328.5 6.666666666666666 22.333333333333336 1
19.00813918268518 26.666666666666664 -9.685130661110337 255 70 218 333.0 6.666666666666666 21.333333333333336 1
18.78555049439617 26.666666666666664 -7.781229791423488 255 74 201 337.5 6.666666666666666 20.333333333333336 1
18.38709264837297 26.666666666666664 -5.974328557915656 255 80 185 342.0 6.666666666666666 19.333333333333336 1
17.826781873957408 26.666666666666664 -4.279831670691596 255 86 174 346.5 6.666666666666666 18.333333333333336 1
17.11993123698239 26.666666666666664 -2.711530727364006 255 92 164 351.0 6.666666666666666 17.333333333333336 1
17.27990045137422 26.666666666666664 -1.3599576592826426 255 91 154 355.5 6.666666666666666 17.333333333333336 1
16.0 28.0 0.0 255 110 151 0.0 7.0 16.0 1
15.950677339730047 28.0 1.255345531645519 255 110 142 4.5 7.0 16.0 1
15.803013449522204 28.0 2.502951440643694 255 110 133 9.0 7.0 16.0 1
14.585548805965148 28.0 3.5016804578385807 255 117 127 13.5 7.0 15.0 1
13.31479122813215 28.0 4.326237921249263 255 123 122 18.0 7.0 14.0 1
13.858192987669302 28.0 5.740251485476347 255 120 104 22.5 7.0 15.0 1
14.256104387013886 28.0 7.263847995832748 255 116 86 27.0 7.0 16.0 1
13.642242629665477 28.0 8.35997703545518 255 120 69 31.5 7.0 16.0 1
12.94427190999916 28.0 9.40456403667957 255 123 49 36.0 7.0 16.0 1
13.687307380800556 28.0 11.690064869943306 255 125 0 40.5 7.0 18.0 1
14.142135623730951 28.0 14.142135623730951 255 127 0 45.0 7.0 20.0 1
12.988960966603674 28.0 15.208119312000619 255 134 0 49.5 7.0 20.0 1
11.755705045849464 28.0 16.18033988749895 255 141 0 54.0 7.0 20.0 1
9.927472729603029 28.0 16.20016312272775 255 146 0 58.5 7.0 19.0 1
8.171828995311843 28.0 16.03811743539062 254 152 0 63.0 7.0 18.0 1
6.888301782571617 28.0 16.62983158520316 247 155 0 67.5 7.0 18.0 1
5.562305898749054 28.0 17.119017293312762 240 159 0 72.0 7.0 18.0 1
3.968571185550393 28.0 16.5302886467605 233 163 0 76.5 7.0 17.0 1
2.502951440643695 28.0 15.803013449522204 226 166 0 81.0 7.0 16.0 1
1.25534553164552 28.0 15.950677339730047 219 169 0 85.5 7.0 16.0 1
9.797174393178826e-16 28.0 16.0 211 172 0 90.0 7.0 16.0 1
-1.255345531645518 28.0 15.950677339730047 205 175 0 94.5 7.0 16.0 1
-2.502951440643693 28.0 15.803013449522204 199 177 0 99.0 7.0 16.0 1
-3.7351258216944854 28.0 15.557918726362827 193 179 0 103.5 7.0 16.0 1
-4.944271909999157 28.0 15.216904260722458 187 181 0 108.0 7.0 16.0 1
-6.122934917841436 28.0 14.782072520180588 179 183 0 112.5 7.0 16.0 1
-7.263847995832748 28.0 14.256104387013886 170 186 0 117.0 7.0 16.0 1
-8.35997703545518 28.0 13.642242629665477 158 189 0 121.5 7.0 16.0 1
-9.404564036679568 28.0 12.94427190999916 146 191 0 126.0 7.0 16.0 1
-11.04061682161312 28.0 12.926901415200525 121 196 0 130.5 7.0 17.0 1
-12.727922061357855 28.0 12.727922061357857 88 201 0 135.0 7.0 18.0 1
-15.208119312000619 28.0 12.988960966603676 0 206 0 139.5 7.0 20.0 1
-17.798373876248842 28.0 12.931275550434412 0 212 0 144.0 7.0 22.0 1
-20.463363944498212 28.0 12.539965553182775 0 216 0 148.5 7.0 24.0 1
-23.166169628897563 28.0 11.803752993228219 0 220 47 153.0 7.0 26.0 1
-24.020867845293456 28.0 9.949769241492337 0 220 85 157.5 7.0 26.0 1
-24.72746942367399 28.0 8.034441853748636 0 221 116 162.0 7.0 26.0 1
-25.28161793033959 28.0 6.069579460253544 0 221 126 166.5 7.0 26.0 1
-25.67989685547358 28.0 4.067296091046005 0 221 136 171.0 7.0 26.0 1
-24.9229333433282 28.0 1.9614773931961267 0 220 146 175.5 7.0 25.0 1
-24.0 28.0 2.9391523179536475e-15 0 220 155 180.0 7.0 24.0 1
-22.929098675861944 28.0 -1.8045592017404308 0 219 166 184.5 7.0 23.0 1
-21.72914349309303 28.0 -3.441558230885076 0 218 176 189.0 7.0 22.0 1
-20.41976832835121 28.0 -4.902352640974011 0 216 187 193.5 7.0 21.0 1
-19.021130325903073 28.0 -6.1803398874989455 0 215 197 198.0 7.0 20.0 1
-17.55371111771445 28.0 -7.270985214936704 0 213 205 202.5 7.0 19.0 1
-16.03811743539062 28.0 -8.17182899531184 0 212 213 207.0 7.0 18.0 1
-14.494882794019569 28.0 -8.882475600171128 0 210 222 211.5 7.0 17.0 1
-12.94427190999916 28.0 -9.404564036679568 0 208 230 216.0 7.0 16.0 1
-12.166495449600497 28.0 -10.391168773282937 0 207 240 220.5 7.0 16.0 1
-11.313708498984763 28.0 -11.31370849898476 0 206 250 225.0 7.0 16.0 1
-9.741720724952751 28.0 -11.406089484000468 0 203 254 229.5 7.0 15.0 1
-8.228993532094625 28.0 -11.326237921249263 0 199 255 234.0 7.0 14.0 1
-6.792481341307331 28.0 -11.084322136603202 0 196 255 238.5 7.0 13.0 1
-5.447885996874563 28.0 -10.692078290260413 0 193 255 243.0 7.0 12.0 1
-4.592201188381074 28.0 -11.086554390135442 0 191 255 247.5 7.0 12.0 1
-3.7082039324993707 28.0 -11.412678195541842 0 189 255 252.0 7.0 12.0 1
-2.5678990024149564 28.0 -10.696069124374443 41 186 254 256.5 7.0 11.0 0
-1.5643446504023104 28.0 -9.876883405951377 93 182 247 261.0 7.0 10.0 0
-0.7845909572784469 28.0 -9.969173337331279 107 180 248 265.5 7.0 10.0 0
-1.8369701987210296e-15 28.0 -10.0 119 178 249 270.0 7.0 10.0 0
0.7845909572784521 28.0 -9.969173337331279 136 174 249 274.5 7.0 10.0 0
1.5643446504023069 28.0 -9.876883405951379 151 171 249 279.0 7.0 10.0 0
2.567899002414962 28.0 -10.696069124374443 162 167 255 283.5 7.0 11.0 1
3.7082039324993668 28.0 -11.412678195541844 173 162 255 288.0 7.0 12.0 1
4.59220118838108 28.0 -11.08655439013544 184 160 255 292.5 7.0 12.0 1
5.447885996874559 28.0 -10.692078290260415 194 157 251 297.0 7.0 12.0 0
6.7924813413073375 28.0 -11.084322136603197 204 152 252 301.5 7.0 13.0 0
8.22899353209462 28.0 -11.326237921249266 214 147 253 306.0 7.0 14.0 0
10.391168773282942 28.0 -12.166495449600493 234 136 254 310.5 7.0 16.0 0
12.727922061357852 28.0 -12.727922061357859 252 124 255 315.0 7.0 18.0 1
15.20811931200062 28.0 -12.988960966603669 255 108 255 319.5 7.0 20.0 1
17.798373876248842 28.0 -12.931275550434414 255 87 255 324.0 7.0 22.0 1
17.90544345143594 28.0 -10.972469859034922 255 89 239 328.5 7.0 21.0 1
17.820130483767358 28.0 -9.079809994790939 255 91 224 333.0 7.0 20.0 1
17.55371111771445 28.0 -7.270985214936702 255 95 207 337.5 7.0 19.0 1
17.119017293312762 28.0 -5.562305898749058 255 100 191 342.0 7.0 18.0 1
16.530288646760503 28.0 -3.9685711855503882 255 105 181 346.5 7.0 17.0 1
15.803013449522203 28.0 -2.5029514406436975 255 111 172 351.0 7.0 16.0 1
15.950677339730047 28.0 -1.255345531645516 255 110 161 355.5 7.0 16.0 1
14.000000000000002 29.333333333333332 0.0 255 131 162 0.0 7.333333333333333 14.000000000000002 1
13.956842672263793 29.333333333333332 1.0984273401898295 255 131 153 4.5 7.333333333333333 14.000000000000002 1
13.82763676833193 29.333333333333332 2.1900825105632324 255 131 146 9.0 7.333333333333333 14.000000000000002 1
13.289055578768247 29.333333333333332 3.190419972697374 255 133 140 13.5 7.333333333333333 13.666666666666668 1
12.046715873071946 29.333333333333332 3.9142152620826676 255 139 134 18.0 7.333333333333333 12.666666666666668 1
12.01043392264673 29.333333333333332 4.974884620746168 255 139 121 22.5 7.333333333333333 13.000000000000002 1
12.474091338637152 29.333333333333332 6.355866996353655 255 135 106 27.0 7.333333333333333 14.000000000000002 1
11.936962300957294 29.333333333333332 7.314979906023284 255 137 95 31.5 7.333333333333333 14.000000000000002 1
11.326237921249266 29.333333333333332 8.228993532094625 255 141 78 36.0 7.333333333333333 14.000000000000002 1
11.659558139200476 29.333333333333332 9.958203407729485 255 140 48 40.5 7.333333333333333 15.333333333333336 1
12.256517540566826 29.333333333333332 12.256517540566826 255 142 0 45.0 7.333333333333333 17.333333333333336 1
11.690064869943306 29.333333333333332 13.687307380800556 255 146 0 49.5 7.333333333333333 18.0 1
10.580134541264517 29.333333333333332 14.562305898749054 255 152 0 54.0 7.333333333333333 18.0 1
8.882475600171132 29.333333333333332 14.494882794019567 255 156 0 58.5 7.333333333333333 17.0 1
8.47448932847154 29.333333333333332 16.63212178484953 255 160 0 63.0 7.333333333333333 18.666666666666664 1
7.143424070815009 29.333333333333332 17.245751273544016 255 164 0 67.5 7.333333333333333 18.666666666666664 1
5.768317228332352 29.333333333333332 17.753054970842864 252 167 0 72.0 7.333333333333333 18.666666666666664 1
4.2798316706916 29.333333333333332 17.8267818739574 244 171 0 76.5 7.333333333333333 18.333333333333332 1
2.7115307273640026 29.333333333333332 17.11993123698239 237 174 0 81.0 7.333333333333333 17.333333333333332 1
1.3599576592826466 29.333333333333332 17.279900451374218 230 178 0 85.5 7.333333333333333 17.333333333333332 1
1.020538999289461e-15 29.333333333333332 16.666666666666664 221 181 0 90.0 7.333333333333333 16.666666666666664 1
-1.307651595464081 29.333333333333332 16.61528889555213 215 184 0 94.5 7.333333333333333 16.666666666666664 1
-2.6072410840038467 29.333333333333332 16.461472343252293 209 186 0 99.0 7.333333333333333 16.666666666666664 1
-3.8907560642650885 29.333333333333332 16.206165339961274 203 188 0 103.5 7.333333333333333 16.666666666666664 1
-5.150283239582455 29.333333333333332 15.850941938252559 196 190 0 108.0 7.333333333333333 16.666666666666664 1
-6.3780572060848275 29.333333333333332 15.397992208521444 188 193 0 112.5 7.333333333333333 16.666666666666664 1
-7.566508328992445 29.333333333333332 14.850108736472796 179 195 0 117.0 7.333333333333333 16.666666666666664 1
-9.05664178840978 29.333333333333332 14.779096182137598 166 198 0 121.5 7.333333333333333 17.333333333333332 1
-10.188277706402864 29.333333333333332 14.02296123583242 154 201 0 126.0 7.333333333333333 17.333333333333332 1
-11.473582187166574 29.333333333333332 13.433838725600545 129 206 0 130.5 7.333333333333333 17.666666666666664 1
-13.199326582148885 29.333333333333332 13.199326582148887 95 210 0 135.0 7.333333333333333 18.666666666666664 1
-15.715056622400638 29.333333333333332 13.42192633215713 0 216 0 139.5 7.333333333333333 20.666666666666664 1
-18.337718539165472 29.333333333333332 13.32313238529606 0 222 0 144.0 7.333333333333333 22.666666666666664 1
-19.894937168262153 29.333333333333332 12.191633176705476 0 225 0 148.5 7.333333333333333 23.333333333333336 1
-22.572165279438654 29.333333333333332 11.501092660068522 0 229 56 153.0 7.333333333333333 25.333333333333336 1
-22.78902846861174 29.333333333333332 9.439524665005552 0 229 94 157.5 7.333333333333333 24.666666666666668 1
-23.45939406861379 29.333333333333332 7.62241919458204 0 230 124 162.0 7.333333333333333 24.66666666666667 1
-23.336878089544236 29.333333333333332 5.602688732541733 0 229 135 166.5 7.333333333333333 24.0 1
-23.704520174283306 29.333333333333332 3.754427160965544 0 229 144 171.0 7.333333333333333 24.000000000000004 1
-22.929098675861944 29.333333333333332 1.8045592017404366 0 228 154 175.5 7.333333333333333 23.0 1
-22.666666666666668 29.333333333333332 2.775866078067334e-15 0 228 163 180.0 7.333333333333333 22.666666666666668 1
-21.599875564217772 29.333333333333332 -1.6999470741033045 0 227 174 184.5 7.333333333333333 21.666666666666668 1
-20.41222570563285 29.333333333333332 -3.2329789441647687 0 226 184 189.0 7.333333333333333 20.666666666666668 1
-19.12327510115431 29.333333333333332 -4.591092155832804 0 224 194 193.5 7.333333333333333 19.666666666666668 1
-17.753054970842868 29.333333333333332 -5.76831722833235 0 223 203 198.0 7.333333333333333 18.666666666666668 1
-16.937791429373593 29.333333333333332 -7.015862926693312 0 222 212 202.5 7.333333333333333 18.333333333333336 1
-15.444113085931713 29.333333333333332 -7.869168662152143 0 220 220 207.0 7.333333333333333 17.333333333333336 1
-13.92645601778351 29.333333333333332 -8.53414322369383 0 218 228 211.5 7.333333333333333 16.333333333333336 1
-12.404927247082528 29.333333333333332 -9.01270720181792 0 216 236 216.0 7.333333333333333 15.333333333333334 1
-11.659558139200476 29.333333333333332 -9.958203407729481 0 216 246 220.5 7.333333333333333 15.333333333333334 1
-10.3708994574027 29.333333333333332 -10.370899457402697 0 214 252 225.0 7.333333333333333 14.666666666666668 1
-8.442824628292385 29.333333333333332 -9.885277552800407 0 209 253 229.5 7.333333333333333 13.000000000000002 1
-7.05342302750968 29.333333333333332 -9.70820393249937 0 206 255 234.0 7.333333333333333 12.000000000000002 1
-5.7474842118754355 29.333333333333332 -9.379041807895018 0 203 253 238.5 7.333333333333333 11.000000000000002 1
-4.842565330555168 29.333333333333332 -9.50406959134259 0 200 255 243.0 7.333333333333333 10.666666666666668 1
-4.081956611894289 29.333333333333332 -9.854715013453728 0 199 255 247.5 7.333333333333333 10.666666666666668 1
-3.2961812733327744 29.333333333333332 -10.144602840481639 23 197 255 252.0 7.333333333333333 10.666666666666668 1
-2.2566385172737498 29.333333333333332 -9.399575897177542 89 193 254 256.5 7.333333333333333 9.666666666666668 0
-1.3557653636820024 29.333333333333332 -8.559965618491194 119 190 247 261.0 7.333333333333333 8.666666666666668 0
-0.6799788296413206 29.333333333333332 -8.63995022568711 128 189 247 265.5 7.333333333333333 8.666666666666668 0
-1.5920408388915593e-15 29.333333333333332 -8.666666666666668 139 186 248 270.0 7.333333333333333 8.666666666666668 0
0.6799788296413253 29.333333333333332 -8.63995022568711 154 183 248 274.5 7.333333333333333 8.666666666666668 0
1.3557653636819993 29.333333333333332 -8.559965618491194 164 180 248 279.0 7.333333333333333 8.666666666666668 0
2.256638517273755 29.333333333333332 -9.399575897177542 171 177 255 283.5 7.333333333333333 9.666666666666668 1
3.296181273332771 29.333333333333332 -10.14460284048164 182 173 255 288.0 7.333333333333333 10.666666666666668 1
4.081956611894294 29.333333333333332 -9.854715013453726 192 170 255 292.5 7.333333333333333 10.666666666666668 1
4.842565330555165 29.333333333333332 -9.504069591342594 200 168 252 297.0 7.333333333333333 10.666666666666668 0
6.095816588352739 29.333333333333332 -9.947468584131075 209 164 255 301.5 7.333333333333333 11.666666666666668 1
7.445279862371324 29.333333333333332 -10.247548595416003 219 160 255 306.0 7.333333333333333 12.666666666666668 1
9.525238042176031 29.333333333333332 -11.152620828800453 239 149 255 310.5 7.333333333333333 14.666666666666668 1
11.313708498984758 29.333333333333332 -11.313708498984763 254 141 255 315.0 7.333333333333333 16.0 1
13.18037007040054 29.333333333333332 -11.257099504389847 255 131 254 319.5 7.333333333333333 17.333333333333336 1
15.640995224582317 29.333333333333332 -11.36384821098782 255 116 254 324.0 7.333333333333333 19.333333333333336 1
15.631736346491694 29.333333333333332 -9.579140353125727 255 118 240 328.5 7.333333333333333 18.333333333333336 1
16.03811743539062 29.333333333333332 -8.171828995311845 255 115 227 333.0 7.333333333333333 18.0 1
15.705952052691876 29.333333333333332 -6.505618350206523 255 118 211 337.5 7.333333333333333 17.0 1
15.216904260722456 29.333333333333332 -4.944271909999163 255 122 197 342.0 7.333333333333333 16.0 1
14.585548805965152 29.333333333333332 -3.5016804578385785 255 127 187 346.5 7.333333333333333 15.000000000000002 1
14.48609566206202 29.333333333333332 -2.2943721539233897 255 128 180 351.0 7.333333333333333 14.666666666666668 1
14.621454228085877 29.333333333333332 -1.1507334040083899 255 127 169 355.5 7.333333333333333 14.666666666666668 1
12.000000000000004 30.666666666666664 0.0 255 150 173 0.0 7.666666666666666 12.000000000000004 1
11.963008004797539 30.666666666666664 0.9415091487341396 255 150 165 4.5 7.666666666666666 12.000000000000004 1
11.852260087141657 30.666666666666664 1.877213580482771 255 150 159 9.0 7.666666666666666 12.000000000000004 1
11.668439044772121 30.666666666666664 2.8013443662708655 255 150 153 13.5 7.666666666666666 12.000000000000004 1
10.778640518011743 30.666666666666664 3.5021926029160713 255 154 148 18.0 7.666666666666666 11.333333333333336 1
10.470634701794586 30.666666666666664 4.337078900137685 255 155 138 22.5 7.666666666666666 11.333333333333336 1
10.692078290260419 30.666666666666664 5.447885996874563 255 153 126 27.0 7.666666666666666 12.000000000000004 1
10.23168197224911 30.666666666666664 6.269982776591387 255 154 118 31.5 7.666666666666666 12.000000000000004 1
9.708203932499373 30.666666666666664 7.053423027509679 255 157 105 36.0 7.666666666666666 12.000000000000004 1
9.885277552800405 30.666666666666664 8.44282462829239 255 156 86 40.5 7.666666666666666 13.000000000000004 1
10.3708994574027 30.666666666666664 10.3708994574027 255 156 48 45.0 7.666666666666666 14.666666666666671 1
10.174686090506214 30.666666666666664 11.913026794400489 255 158 0 49.5 7.666666666666666 15.666666666666671 1
9.404564036679572 30.666666666666664 12.944271909999163 255 162 0 54.0 7.666666666666666 16.000000000000004 1
8.534143223693832 30.666666666666664 13.926456017783504 255 166 0 58.5 7.666666666666666 16.333333333333332 1
8.777149661631238 30.666666666666664 17.226126134308444 255 168 0 63.0 7.666666666666666 19.333333333333332 1
7.398546359058403 30.666666666666664 17.861670961884876 255 172 0 67.5 7.666666666666666 19.333333333333332 1
5.97432855791565 30.666666666666664 18.387092648372967 255 176 0 72.0 7.666666666666666 19.333333333333332 1
4.513277034547506 30.666666666666664 18.79915179435508 255 180 0 76.5 7.666666666666666 19.333333333333332 1
2.9201100140843104 30.666666666666664 18.43684902444257 248 183 0 81.0 7.666666666666666 18.666666666666664 1
1.4384167550104916 30.666666666666664 18.276817785107344 240 187 0 85.5 7.666666666666666 18.333333333333332 1
1.0613605592610393e-15 30.666666666666664 17.333333333333332 231 190 0 90.0 7.666666666666666 17.333333333333332 1
-1.3599576592826443 30.666666666666664 17.279900451374218 225 193 0 94.5 7.666666666666666 17.333333333333332 1
-2.7115307273640004 30.666666666666664 17.11993123698239 218 195 0 99.0 7.666666666666666 17.333333333333332 1
-4.046386306835692 30.666666666666664 16.854411953559726 212 197 0 103.5 7.666666666666666 17.333333333333332 1
-5.356294569165754 30.666666666666664 16.484979615782663 206 199 0 108.0 7.666666666666666 17.333333333333332 1
-6.633179494328221 30.666666666666664 16.013911896862304 197 202 0 112.5 7.666666666666666 17.333333333333332 1
-7.869168662152143 30.666666666666664 15.44411308593171 188 205 0 117.0 7.666666666666666 17.333333333333332 1
-9.579140353125727 30.666666666666664 15.63173634649169 175 208 0 121.5 7.666666666666666 18.333333333333332 1
-10.971991376126162 30.666666666666664 15.101650561665684 162 211 0 126.0 7.666666666666666 18.666666666666664 1
-12.123030235496758 30.666666666666664 14.194244691200575 137 215 0 130.5 7.666666666666666 18.666666666666664 1
-13.670731102939916 30.666666666666664 13.67073110293992 101 220 0 135.0 7.666666666666666 19.333333333333332 1
-16.221993932800657 30.666666666666664 13.854891697710586 0 227 0 139.5 7.666666666666666 21.333333333333332 1
-18.877063202082105 30.666666666666664 13.714989220157708 0 232 0 144.0 7.666666666666666 23.333333333333332 1
-19.89493716826215 30.666666666666664 12.191633176705475 0 235 0 148.5 7.666666666666666 23.333333333333332 1
-21.97816092997974 30.666666666666664 11.198432326908824 0 238 65 153.0 7.666666666666666 24.666666666666668 1
-21.865148936100454 30.666666666666664 9.056841232640462 0 238 101 157.5 7.666666666666666 23.666666666666668 1
-22.191318713553585 30.666666666666664 7.210396535415443 0 238 132 162.0 7.666666666666666 23.333333333333336 1
-21.71626155554811 30.666666666666664 5.213613126115224 0 237 143 166.5 7.666666666666666 22.333333333333336 1
-21.729143493093034 30.666666666666664 3.4415582308850823 0 237 153 171.0 7.666666666666666 22.000000000000004 1
-21.267569786306733 30.666666666666664 1.6737940421940283 0 236 162 175.5 7.666666666666666 21.333333333333336 1
-21.333333333333336 30.666666666666664 2.6125798381810204e-15 0 236 172 180.0 7.666666666666666 21.333333333333336 1
-20.270652452573604 30.666666666666664 -1.5953349464661781 0 235 182 184.5 7.666666666666666 20.333333333333336 1
-19.095307918172665 30.666666666666664 -3.0243996574444614 0 234 191 189.0 7.666666666666666 19.333333333333336 1
-17.826781873957408 30.666666666666664 -4.279831670691597 0 232 201 193.5 7.666666666666666 18.333333333333336 1
-16.484979615782667 30.666666666666664 -5.356294569165754 0 230 209 198.0 7.666666666666666 17.333333333333336 1
-16.013911896862307 30.666666666666664 -6.633179494328222 0 230 218 202.5 7.666666666666666 17.333333333333336 1
-14.8501087364728 30.666666666666664 -7.566508328992445 0 229 227 207.0 7.666666666666666 16.666666666666668 1
-13.358029241547447 30.666666666666664 -8.18581084721653 0 227 235 211.5 7.666666666666666 15.666666666666668 1
-11.865582584165898 30.666666666666664 -8.620850366956272 0 225 241 216.0 7.666666666666666 14.666666666666668 1
-10.899152173600447 30.666666666666664 -9.3087553593993 0 224 250 220.5 7.666666666666666 14.333333333333336 1
-9.428090415820638 30.666666666666664 -9.428090415820634 0 221 255 225.0 7.666666666666666 13.333333333333336 1
-7.360411214408747 30.666666666666664 -8.617934276800355 0 216 252 229.5 7.666666666666666 11.333333333333336 1
-5.8778525229247345 30.666666666666664 -8.090169943749476 0 212 252 234.0 7.666666666666666 10.000000000000004 1
-4.876653270682188 30.666666666666664 -7.9579748673048645 4 210 251 238.5 7.666666666666666 9.333333333333336 0
-4.237244664235773 30.666666666666664 -8.316060892424769 45 208 255 243.0 7.666666666666666 9.333333333333336 1
-3.571712035407503 30.666666666666664 -8.622875636772013 65 207 255 247.5 7.666666666666666 9.333333333333336 1
-2.884158614166178 30.666666666666664 -8.876527485421436 84 205 255 252.0 7.666666666666666 9.333333333333336 1
-1.9453780321325433 30.666666666666664 -8.10308266998064 118 201 253 256.5 7.666666666666666 8.333333333333336 0
-1.1471860769616946 30.666666666666664 -7.243047831031012 141 198 246 261.0 7.666666666666666 7.333333333333336 0
-0.5753667020041945 30.666666666666664 -7.31072711404294 148 197 246 265.5 7.666666666666666 7.333333333333336 0
-1.3471114790620888e-15 30.666666666666664 -7.333333333333336 156 195 247 270.0 7.666666666666666 7.333333333333336 0
0.5753667020041984 30.666666666666664 -7.31072711404294 168 192 247 274.5 7.666666666666666 7.333333333333336 0
1.147186076961692 30.666666666666664 -7.243047831031013 176 190 247 279.0 7.666666666666666 7.333333333333336 0
1.9453780321325478 30.666666666666664 -8.10308266998064 182 187 255 283.5 7.666666666666666 8.333333333333336 1
2.884158614166175 30.666666666666664 -8.876527485421436 191 183 255 288.0 7.666666666666666 9.333333333333336 1
3.571712035407508 30.666666666666664 -8.62287563677201 200 181 255 292.5 7.666666666666666 9.333333333333336 1
4.23724466423577 30.666666666666664 -8.31606089242477 206 180 254 297.0 7.666666666666666 9.333333333333336 0
5.399151835398141 30.666666666666664 -8.810615031658953 215 176 255 301.5 7.666666666666666 10.333333333333336 1
6.661566192648028 30.666666666666664 -9.168859269582741 224 172 255 306.0 7.666666666666666 11.333333333333336 1
8.442824628292392 30.666666666666664 -9.885277552800403 242 163 255 310.5 7.666666666666666 13.000000000000004 1
9.899494936611665 30.666666666666664 -9.89949493661167 255 156 255 315.0 7.666666666666666 14.000000000000004 1
11.406089484000468 30.666666666666664 -9.741720724952755 255 150 254 319.5 7.666666666666666 15.000000000000004 1
13.483616572915793 30.666666666666664 -9.796420871541226 255 139 253 324.0 7.666666666666666 16.66666666666667 1
13.64224262966548 30.666666666666664 -8.35997703545518 255 139 241 328.5 7.666666666666666 16.000000000000004 1
14.256104387013888 30.666666666666664 -7.263847995832753 255 136 230 333.0 7.666666666666666 16.000000000000004 1
13.858192987669305 30.666666666666664 -5.740251485476345 255 139 215 337.5 7.666666666666666 15.000000000000004 1
13.314791228132153 30.666666666666664 -4.326237921249269 255 142 204 342.0 7.666666666666666 14.000000000000004 1
12.964932271969024 30.666666666666664 -3.11260485141207 255 144 195 346.5 7.666666666666666 13.333333333333336 1
13.169177874601838 30.666666666666664 -2.0857928672030814 255 143 188 351.0 7.666666666666666 13.333333333333336 1
12.959925338530667 30.666666666666664 -1.019968244461982 255 145 179 355.5 7.666666666666666 13.000000000000004 1
10.0 32.0 0.0 255 168 184 0.0 8.0 10.0 1
9.969173337331279 32.0 0.7845909572784494 255 168 178 4.5 8.0 10.0 1
9.876883405951379 32.0 1.5643446504023086 255 168 172 9.0 8.0 10.0 1
9.723699203976766 32.0 2.334453638559054 255 168 166 13.5 8.0 10.0 1
9.510565162951535 32.0 3.090169943749474 255 168 161 18.0 8.0 10.0 1
9.238795325112868 32.0 3.826834323650898 255 169 153 22.5 8.0 10.0 1
8.910065241883679 32.0 4.5399049973954675 255 169 146 27.0 8.0 10.0 1
8.526401643540924 32.0 5.224985647159488 255 171 138 31.5 8.0 10.0 1
8.090169943749475 32.0 5.877852522924732 255 173 131 36.0 8.0 10.0 1
8.36446562160034 32.0 7.14392853163202 255 171 113 40.5 8.0 11.0 1
8.485281374238571 32.0 8.485281374238571 255 170 94 45.0 8.0 12.0 1
8.442824628292387 32.0 9.885277552800401 255 172 72 49.5 8.0 13.0 1
8.228993532094623 32.0 11.326237921249264 255 173 43 54.0 8.0 14.0 1
8.882475600171132 32.0 14.494882794019567 255 175 0 58.5 8.0 17.0 1
9.079809994790937 32.0 17.820130483767358 255 176 0 63.0 8.0 20.0 1
7.653668647301797 32.0 18.477590650225736 255 181 0 67.5 8.0 20.0 1
6.180339887498949 32.0 19.02113032590307 255 184 0 72.0 8.0 20.0 1
4.66890727711811 32.0 19.447398407953532 255 188 0 76.5 8.0 20.0 1
3.1286893008046186 32.0 19.753766811902757 255 192 0 81.0 8.0 20.0 1
1.4907228188290549 32.0 18.94142934092943 250 196 0 85.5 8.0 19.0 1
1.102182119232618e-15 32.0 18.0 241 199 0 90.0 8.0 18.0 1
-1.4122637231012076 32.0 17.944512007196302 235 202 0 94.5 8.0 18.0 1
-2.8158203707241545 32.0 17.77839013071248 228 204 0 99.0 8.0 18.0 1
-4.202016549406296 32.0 17.50265856715818 222 206 0 103.5 8.0 18.0 1
-5.562305898749052 32.0 17.119017293312766 215 208 0 108.0 8.0 18.0 1
-6.888301782571615 32.0 16.62983158520316 206 211 0 112.5 8.0 18.0 1
-8.171828995311841 32.0 16.03811743539062 197 214 0 117.0 8.0 18.0 1
-9.927472729603027 32.0 16.200163122727755 184 217 0 121.5 8.0 19.0 1
-11.75570504584946 32.0 16.18033988749895 170 220 0 126.0 8.0 20.0 1
-12.98896096660367 32.0 15.208119312000619 142 226 0 130.5 8.0 20.0 1
-14.14213562373095 32.0 14.142135623730951 108 230 0 135.0 8.0 20.0 1
-16.72893124320068 32.0 14.287857063264044 0 237 0 139.5 8.0 22.0 1
-19.416407864998735 32.0 14.106846055019357 0 243 0 144.0 8.0 24.0 1
-20.463363944498212 32.0 12.539965553182775 0 245 0 148.5 8.0 24.0 1
-21.384156580520827 32.0 10.895771993749126 0 247 73 153.0 8.0 24.0 1
-21.249229247759594 32.0 8.801718944397068 0 247 109 157.5 8.0 23.0 1
-20.923243358493377 32.0 6.798373876248845 0 247 141 162.0 8.0 22.0 1
-20.419768328351207 32.0 4.902352640974016 0 246 151 166.5 8.0 21.0 1
-19.753766811902754 32.0 3.1286893008046195 0 245 161 171.0 8.0 20.0 1
-19.938346674662558 32.0 1.5691819145569013 0 245 171 175.5 8.0 20.0 1
-20.0 32.0 2.4492935982947065e-15 0 245 180 180.0 8.0 20.0 1
-18.94142934092943 32.0 -1.4907228188290516 0 243 189 184.5 8.0 19.0 1
-17.77839013071248 32.0 -2.815820370724153 0 242 199 189.0 8.0 18.0 1
-16.530288646760503 32.0 -3.9685711855503896 0 240 207 193.5 8.0 17.0 1
-15.216904260722458 32.0 -4.9442719099991566 0 238 215 198.0 8.0 16.0 1
-14.78207252018059 32.0 -6.122934917841435 0 238 225 202.5 8.0 16.0 1
-14.256104387013886 32.0 -7.263847995832746 0 238 234 207.0 8.0 16.0 1
-12.789602465311384 32.0 -7.837478470739231 0 236 240 211.5 8.0 15.0 1
-11.326237921249264 32.0 -8.228993532094622 0 233 247 216.0 8.0 14.0 1
-9.885277552800403 32.0 -8.442824628292387 0 231 252 220.5 8.0 13.0 1
-8.485281374238571 32.0 -8.48528137423857 0 229 255 225.0 8.0 12.0 1
-6.494480483301834 32.0 -7.604059656000311 0 224 253 229.5 8.0 10.0 1
-4.702282018339786 32.0 -6.472135954999579 79 218 249 234.0 8.0 8.0 0
-4.179988517727589 32.0 -6.821121314832739 88 217 252 238.5 8.0 8.0 0
-3.6319239979163753 32.0 -7.128052193506942 96 216 255 243.0 8.0 8.0 1
-3.061467458920716 32.0 -7.391036260090295 107 214 255 247.5 8.0 8.0 1
-2.4721359549995805 32.0 -7.608452130361228 117 212 255 252.0 8.0 8.0 1
-1.634117546991336 32.0 -6.806589442783737 141 210 252 256.5 8.0 7.0 0
-0.9386067902413862 32.0 -5.926130043570826 161 207 245 261.0 8.0 6.0 0
-0.4707545743670681 32.0 -5.981504002398768 167 205 245 265.5 8.0 6.0 0
-1.102182119232618e-15 32.0 -6.0 172 204 246 270.0 8.0 6.0 0
0.47075457436707124 32.0 -5.981504002398768 180 202 246 274.5 8.0 6.0 0
0.938606790241384 32.0 -5.926130043570827 187 200 246 279.0 8.0 6.0 0
1.6341175469913396 32.0 -6.806589442783736 193 197 254 283.5 8.0 7.0 0
2.472135954999578 32.0 -7.608452130361229 199 194 255 288.0 8.0 8.0 1
3.06146745892072 32.0 -7.391036260090293 206 193 255 292.5 8.0 8.0 1
3.631923997916373 32.0 -7.128052193506944 212 191 255 297.0 8.0 8.0 1
4.702487082443541 32.0 -7.673761479186829 220 187 255 301.5 8.0 9.0 1
5.877852522924729 32.0 -8.090169943749476 229 184 255 306.0 8.0 10.0 1
7.143928531632023 32.0 -8.364465621600338 243 178 255 310.5 8.0 11.0 1
8.485281374238568 32.0 -8.485281374238571 255 172 255 315.0 8.0 12.0 1
9.885277552800403 32.0 -8.442824628292385 255 166 255 319.5 8.0 13.0 1
11.326237921249263 32.0 -8.228993532094627 255 159 252 324.0 8.0 14.0 1
11.936962300957292 32.0 -7.314979906023281 255 157 243 328.5 8.0 14.0 1
12.474091338637148 32.0 -6.355866996353658 255 154 233 333.0 8.0 14.0 1
12.01043392264673 32.0 -4.974884620746164 255 157 222 337.5 8.0 13.0 1
11.412678195541842 32.0 -3.708203932499372 255 160 210 342.0 8.0 12.0 1
11.66843904477212 32.0 -2.8013443662708624 255 159 203 346.5 8.0 12.0 1
11.852260087141651 32.0 -1.8772135804827732 255 158 196 351.0 8.0 12.0 1
10.966090671064407 32.0 -0.8630500530062922 255 163 190 355.5 8.0 11.0 1
8.666666666666671 33.33333333333333 0.0 255 183 195 0.0 8.333333333333332 8.666666666666671 1
8.639950225687114 33.33333333333333 0.6799788296413232 255 182 191 4.5 8.333333333333332 8.666666666666671 1
8.559965618491198 33.33333333333333 1.3557653636820015 255 182 185 9.0 8.333333333333332 8.666666666666671 1
8.427205976779868 33.33333333333333 2.023193153417848 255 182 180 13.5 8.333333333333332 8.666666666666671 1
8.242489807891335 33.33333333333333 2.678147284582879 255 182 174 18.0 8.333333333333332 8.666666666666671 1
8.006955948431155 33.33333333333333 3.3165897471641133 255 183 167 22.5 8.333333333333332 8.666666666666671 1
7.722056542965859 33.33333333333333 3.934584331076074 255 183 162 27.0 8.333333333333332 8.666666666666671 1
7.389548091068804 33.33333333333333 4.528320894204892 255 184 156 31.5 8.333333333333332 8.666666666666671 1
7.011480617916215 33.33333333333333 5.094138853201437 255 186 148 36.0 8.333333333333332 8.666666666666671 1
7.350591000800303 33.33333333333333 6.277997800525112 255 185 131 40.5 8.333333333333332 9.666666666666671 1
7.071067811865481 33.33333333333333 7.071067811865481 255 185 122 45.0 8.333333333333332 10.000000000000007 1
7.1439285316320245 33.33333333333333 8.364465621600345 255 186 101 49.5 8.333333333333332 11.000000000000007 1
6.661566192648034 33.33333333333333 9.168859269582745 255 188 90 54.0 8.333333333333332 11.333333333333343 1
6.792481341307343 33.33333333333333 11.08432213660321 255 188 57 58.5 8.333333333333332 13.000000000000014 1
7.263847995832755 33.33333333333333 14.256104387013897 255 189 0 63.0 8.333333333333332 16.000000000000014 1
6.122934917841443 33.33333333333333 14.7820725201806 255 193 0 67.5 8.333333333333332 16.000000000000014 1
4.944271909999164 33.33333333333333 15.21690426072247 255 196 0 72.0 8.333333333333332 16.000000000000014 1
3.7351258216944907 33.33333333333333 15.55791872636284 255 198 0 76.5 8.333333333333332 16.000000000000014 1
2.7115307273640044 33.33333333333333 17.119931236982396 255 201 0 81.0 8.333333333333332 17.333333333333343 1
1.2814985635548024 33.33333333333333 16.2829831176411 255 205 0 85.5 8.333333333333332 16.333333333333343 1
1.143003679204196e-15 33.33333333333333 18.666666666666664 251 209 0 90.0 8.333333333333332 18.666666666666664 1
-1.4645697869197707 33.33333333333333 18.609123563018386 245 211 0 94.5 8.333333333333332 18.666666666666664 1
-2.8158203707241545 33.33333333333333 17.77839013071248 238 213 0 99.0 8.333333333333332 18.0 1
-4.202016549406296 33.33333333333333 17.50265856715818 231 216 0 103.5 8.333333333333332 18.0 1
-5.562305898749052 33.33333333333333 17.119017293312766 225 218 0 108.0 8.333333333333332 18.0 1
-6.888301782571615 33.33333333333333 16.62983158520316 216 221 0 112.5 8.333333333333332 18.0 1
-8.171828995311841 33.33333333333333 16.03811743539062 206 223 0 117.0 8.333333333333332 18.0 1
-9.927472729603027 33.33333333333333 16.200163122727755 193 227 0 121.5 8.333333333333332 19.0 1
-11.363848210987813 33.33333333333333 15.64099522458232 179 230 0 126.0 8.333333333333332 19.333333333333336 1
-12.555995601050217 33.33333333333333 14.7011820016006 153 235 0 130.5 8.333333333333332 19.333333333333336 1
-13.67073110293992 33.33333333333333 13.670731102939921 119 240 0 135.0 8.333333333333332 19.333333333333336 1
-15.208119312000624 33.33333333333333 12.98896096660368 56 245 0 139.5 8.333333333333332 20.000000000000007 1
-17.798373876248846 33.33333333333333 12.931275550434416 0 251 0 144.0 8.333333333333332 22.000000000000007 1
-18.758083615790035 33.33333333333333 11.49496842375088 0 253 35 148.5 8.333333333333332 22.000000000000007 1
-19.008139182685188 33.33333333333333 9.685130661110337 0 254 94 153.0 8.333333333333332 21.333333333333343 1
-18.169630806055316 33.33333333333333 7.526107503180106 0 253 129 157.5 8.333333333333332 19.66666666666668 1
-17.75305497084288 33.33333333333333 5.768317228332357 0 253 154 162.0 8.333333333333332 18.66666666666668 1
-17.178535260358963 33.33333333333333 4.124201428121 0 251 165 166.5 8.333333333333332 17.66666666666668 1
-17.119931236982396 33.33333333333333 2.7115307273640052 0 251 173 171.0 8.333333333333332 17.333333333333343 1
-17.27990045137423 33.33333333333333 1.3599576592826486 0 251 180 175.5 8.333333333333332 17.333333333333343 1
-17.333333333333343 33.33333333333333 2.1227211185220802e-15 0 251 190 180.0 8.333333333333332 17.333333333333343 1
-16.2829831176411 33.33333333333333 -1.2814985635547995 0 249 199 184.5 8.333333333333332 16.333333333333343 1
-15.144554555792121 33.33333333333333 -2.3986617972835393 0 248 206 189.0 8.333333333333332 15.333333333333343 1
-13.937302192366708 33.33333333333333 -3.346050215267978 0 246 213 193.5 8.333333333333332 14.333333333333343 1
-13.314791228132158 33.33333333333333 -4.326237921249264 0 245 222 198.0 8.333333333333332 14.000000000000007 1
-12.934313455158023 33.33333333333333 -5.357568053111258 0 245 229 202.5 8.333333333333332 14.000000000000007 1
-12.474091338637157 33.33333333333333 -6.355866996353656 0 244 239 207.0 8.333333333333332 14.000000000000007 1
-11.084322136603205 33.33333333333333 -6.792481341307337 0 242 245 211.5 8.333333333333332 13.000000000000007 1
-9.168859269582745 33.33333333333333 -6.661566192648033 0 238 247 216.0 8.333333333333332 11.333333333333343 1
-7.857528311200328 33.33333333333333 -6.710963166078569 0 236 253 220.5 8.333333333333332 10.333333333333343 1
-6.599663291074452 33.33333333333333 -6.5996632910744495 0 233 254 225.0 8.333333333333332 9.333333333333343 1
-4.762619021088018 33.33333333333333 -5.576310414400235 101 228 248 229.5 8.333333333333332 7.333333333333343 0
-3.9185683486164913 33.33333333333333 -5.393446629166319 121 225 250 234.0 8.333333333333332 6.666666666666671 0
-3.483323764772993 33.33333333333333 -5.68426776236062 125 224 252 238.5 8.333333333333332 6.666666666666671 0
-3.0266033315969816 33.33333333333333 -5.940043494589123 131 223 255 243.0 8.333333333333332 6.666666666666671 1
-2.551222882433932 33.33333333333333 -6.159196883408583 140 221 255 247.5 8.333333333333332 6.666666666666671 1
-2.060113295832985 33.33333333333333 -6.340376775301028 145 220 255 252.0 8.333333333333332 6.666666666666671 1
-1.3228570618501303 33.33333333333333 -5.510096215586839 165 217 251 256.5 8.333333333333332 5.666666666666671 0
-0.7300275035210789 33.33333333333333 -4.609212256110647 182 214 243 261.0 8.333333333333332 4.666666666666671 0
-0.36614244672994223 33.33333333333333 -4.652280890754602 187 213 244 265.5 8.333333333333332 4.666666666666671 0
-8.57252759403148e-16 33.33333333333333 -4.666666666666671 190 212 244 270.0 8.333333333333332 4.666666666666671 0
0.36614244672994467 33.33333333333333 -4.652280890754602 194 211 244 274.5 8.333333333333332 4.666666666666671 0
0.7300275035210773 33.33333333333333 -4.609212256110648 200 210 244 279.0 8.333333333333332 4.666666666666671 0
1.3228570618501332 33.33333333333333 -5.510096215586838 203 208 252 283.5 8.333333333333332 5.666666666666671 0
2.060113295832983 33.33333333333333 -6.340376775301029 209 205 255 288.0 8.333333333333332 6.666666666666671 1
2.5512228824339354 33.33333333333333 -6.1591968834085815 215 203 255 292.5 8.333333333333332 6.666666666666671 1
3.02660333159698 33.33333333333333 -5.9400434945891245 219 202 255 297.0 8.333333333333332 6.666666666666671 1
4.005822329488945 33.33333333333333 -6.53690792671471 228 199 255 301.5 8.333333333333332 7.666666666666671 1
4.702282018339788 33.33333333333333 -6.472135954999586 232 197 255 306.0 8.333333333333332 8.000000000000007 1
5.845032434971659 33.33333333333333 -6.8436536904002825 244 192 255 310.5 8.333333333333332 9.000000000000007 1
7.071067811865478 33.33333333333333 -7.071067811865482 255 187 255 315.0 8.333333333333332 10.000000000000007 1
8.364465621600347 33.33333333333333 -7.143928531632023 255 181 254 319.5 8.333333333333332 11.000000000000007 1
9.168859269582745 33.33333333333333 -6.661566192648037 255 179 251 324.0 8.333333333333332 11.333333333333343 1
9.663255196013054 33.33333333333333 -5.92165040011409 255 176 242 328.5 8.333333333333332 11.333333333333343 1
10.09807394080151 33.33333333333333 -5.14522566371487 255 175 236 333.0 8.333333333333332 11.333333333333343 1
9.546755169283307 33.33333333333333 -3.9543954677725957 255 178 227 337.5 8.333333333333332 10.333333333333343 1
9.510565162951542 33.33333333333333 -3.090169943749479 255 178 217 342.0 8.333333333333332 10.000000000000007 1
9.723699203976773 33.33333333333333 -2.3344536385590535 255 177 210 346.5 8.333333333333332 10.000000000000007 1
9.876883405951384 33.33333333333333 -1.564344650402312 255 177 205 351.0 8.333333333333332 10.000000000000007 1
8.972256003598158 33.33333333333333 -0.7061318615506033 255 181 199 355.5 8.333333333333332 9.000000000000007 1
7.333333333333336 34.666666666666664 0.0 255 197 206 0.0 8.666666666666666 7.333333333333336 1
7.31072711404294 34.666666666666664 0.5753667020041965 255 196 202 4.5 8.666666666666666 7.333333333333336 1
7.243047831031013 34.666666666666664 1.1471860769616935 255 196 197 9.0 8.666666666666666 7.333333333333336 1
7.130712749582964 34.666666666666664 1.71193266827664 255 196 193 13.5 8.666666666666666 7.333333333333336 1
6.9744144528311285 34.666666666666664 2.2661246254162815 255 196 188 18.0 8.666666666666666 7.333333333333336 1
6.775116571749439 34.666666666666664 2.806345170677326 255 197 182 22.5 8.666666666666666 7.333333333333336 1
6.534047844048033 34.666666666666664 3.3292636647566773 255 197 177 27.0 8.666666666666666 7.333333333333336 1
6.252694538596679 34.666666666666664 3.8316561412502925 255 198 173 31.5 8.666666666666666 7.333333333333336 1
5.93279129208295 34.666666666666664 4.310425183478138 255 199 166 36.0 8.666666666666666 7.333333333333336 1
6.08324772480025 34.666666666666664 5.195584386641472 255 198 153 40.5 8.666666666666666 8.000000000000004 1
5.656854249492383 34.666666666666664 5.656854249492383 255 199 148 45.0 8.666666666666666 8.000000000000004 1
5.628549752194928 34.666666666666664 6.590185035200272 255 201 133 49.5 8.666666666666666 8.666666666666671 1
5.094138853201437 34.666666666666664 7.011480617916215 255 202 129 54.0 8.666666666666666 8.666666666666671 1
5.0508194589208415 34.666666666666664 8.242188255422896 255 202 113 58.5 8.666666666666666 9.666666666666671 1
5.4478859968745645 34.666666666666664 10.69207829026042 255 203 70 63.0 8.666666666666666 12.000000000000007 1
4.592201188381081 34.666666666666664 11.086554390135447 255 205 63 67.5 8.666666666666666 12.000000000000007 1
3.7082039324993716 34.666666666666664 11.412678195541849 255 208 52 72.0 8.666666666666666 12.000000000000007 1
2.9569746088414703 34.666666666666664 12.316685658370574 255 210 31 76.5 8.666666666666666 12.666666666666671 1
2.2943721539233874 34.666666666666664 14.486095662062025 255 212 0 81.0 8.666666666666666 14.666666666666671 1
1.2030394678269565 34.666666666666664 15.286065783907961 255 215 0 85.5 8.666666666666666 15.333333333333332 1
1.1838252391757747e-15 34.666666666666664 19.333333333333332 255 218 0 90.0 8.666666666666666 19.333333333333332 1
-1.4907228188290527 34.666666666666664 18.94142934092943 255 220 0 94.5 8.666666666666666 19.0 1
-2.8158203707241545 34.666666666666664 17.77839013071248 248 223 0 99.0 8.666666666666666 18.0 1
-4.202016549406296 34.666666666666664 17.50265856715818 241 225 0 103.5 8.666666666666666 18.0 1
-5.562305898749052 34.666666666666664 17.119017293312766 234 227 0 108.0 8.666666666666666 18.0 1
-6.888301782571615 34.666666666666664 16.62983158520316 225 230 0 112.5 8.666666666666666 18.0 1
-8.171828995311841 34.666666666666664 16.03811743539062 215 233 0 117.0 8.666666666666666 18.0 1
-9.753306541364378 34.666666666666664 15.915949734609724 202 236 0 121.5 8.666666666666666 18.666666666666668 1
-10.971991376126164 34.666666666666664 15.101650561665688 189 239 0 126.0 8.666666666666666 18.666666666666668 1
-12.12303023549676 34.666666666666664 14.194244691200579 163 244 0 130.5 8.666666666666666 18.666666666666668 1
-13.199326582148887 34.666666666666664 13.199326582148888 129 249 0 135.0 8.666666666666666 18.666666666666668 1
-14.194244691200579 34.666666666666664 12.123030235496765 92 253 0 139.5 8.666666666666666 18.666666666666668 1
-16.18033988749895 34.666666666666664 11.755705045849467 0 255 0 144.0 8.666666666666666 20.000000000000004 1
-16.768589898963818 34.666666666666664 10.27580510608033 0 255 72 148.5 8.666666666666666 19.66666666666667 1
-16.632121784849538 34.666666666666664 8.474489328471543 0 255 113 153.0 8.666666666666666 18.66666666666667 1
-15.39799220852145 34.666666666666664 6.378057206084834 0 255 144 157.5 8.666666666666666 16.66666666666667 1
-14.58286658319236 34.666666666666664 4.738260580415863 0 255 168 162.0 8.666666666666666 15.33333333333334 1
-14.261425499165927 34.666666666666664 3.4238653365532823 0 255 178 166.5 8.666666666666666 14.666666666666671 1
-14.486095662062024 34.666666666666664 2.2943721539233883 0 255 184 171.0 8.666666666666666 14.666666666666671 1
-14.62145422808588 34.666666666666664 1.1507334040083947 0 255 191 175.5 8.666666666666666 14.666666666666671 1
-14.666666666666671 34.666666666666664 1.796148638749452e-15 0 255 200 180.0 8.666666666666666 14.666666666666671 1
-13.624536894352753 34.666666666666664 -1.0722743082805462 0 255 208 184.5 8.666666666666666 13.666666666666671 1
-12.510718980871749 34.666666666666664 -1.9815032238429233 0 253 214 189.0 8.666666666666666 12.666666666666671 1
-11.668439044772123 34.666666666666664 -2.801344366270864 0 251 220 193.5 8.666666666666666 12.000000000000004 1
-11.412678195541847 34.666666666666664 -3.7082039324993685 0 251 228 198.0 8.666666666666666 12.000000000000004 1
-11.086554390135445 34.666666666666664 -4.592201188381077 0 251 235 202.5 8.666666666666666 12.000000000000004 1
-10.692078290260419 34.666666666666664 -5.447885996874561 0 251 244 207.0 8.666666666666666 12.000000000000004 1
-9.094828419776988 34.666666666666664 -5.573318023636788 0 248 248 211.5 8.666666666666666 10.666666666666671 1
-7.011480617916215 34.666666666666664 -5.094138853201436 49 243 248 216.0 8.666666666666666 8.666666666666671 0
-5.829779069600241 34.666666666666664 -4.979101703864743 90 240 251 220.5 8.666666666666666 7.666666666666671 0
-4.7140452079103214 34.666666666666664 -4.71404520791032 120 237 251 225.0 8.666666666666666 6.666666666666671 0
-3.4637229244276466 34.666666666666664 -4.055498483200168 150 233 248 229.5 8.666666666666666 5.333333333333336 0
-3.134854678893192 34.666666666666664 -4.314757303333054 152 232 251 234.0 8.666666666666666 5.333333333333336 0
-2.7866590118183936 34.666666666666664 -4.547414209888495 155 231 252 238.5 8.666666666666666 5.333333333333336 0
-2.4212826652775847 34.666666666666664 -4.752034795671297 160 230 255 243.0 8.666666666666666 5.333333333333336 1
-2.040978305947145 34.666666666666664 -4.927357506726866 166 229 255 247.5 8.666666666666666 5.333333333333336 1
-1.6480906366663877 34.666666666666664 -5.072301420240821 170 228 255 252.0 8.666666666666666 5.333333333333336 1
-1.0115965767089228 34.666666666666664 -4.213602988389934 187 225 250 256.5 8.666666666666666 4.333333333333336 0
-0.5214482168007705 34.666666666666664 -3.292294468650461 201 222 241 261.0 8.666666666666666 3.3333333333333357 0
-0.26153031909281577 34.666666666666664 -3.323057779110429 205 221 242 265.5 8.666666666666666 3.3333333333333357 0
-6.12323399573677e-16 34.666666666666664 -3.3333333333333357 207 221 242 270.0 8.666666666666666 3.3333333333333357 0
0.26153031909281754 34.666666666666664 -3.323057779110429 208 220 242 274.5 8.666666666666666 3.3333333333333357 0
0.5214482168007692 34.666666666666664 -3.2922944686504616 213 219 241 279.0 8.666666666666666 3.3333333333333357 0
1.0115965767089252 34.666666666666664 -4.213602988389934 214 218 250 283.5 8.666666666666666 4.333333333333336 0
1.6480906366663859 34.666666666666664 -5.072301420240822 218 215 255 288.0 8.666666666666666 5.333333333333336 1
2.0409783059471476 34.666666666666664 -4.927357506726864 223 214 255 292.5 8.666666666666666 5.333333333333336 1
2.421282665277583 34.666666666666664 -4.752034795671298 226 213 255 297.0 8.666666666666666 5.333333333333336 1
3.134991388295696 34.666666666666664 -5.115840986124556 233 211 255 301.5 8.666666666666666 6.0000000000000036 1
3.5267115137548397 34.666666666666664 -4.854101966249688 235 210 255 306.0 8.666666666666666 6.0000000000000036 1
4.54613633831129 34.666666666666664 -5.322841759200219 245 206 255 310.5 8.666666666666666 7.0000000000000036 1
5.6568542494923815 34.666666666666664 -5.656854249492384 255 201 255 315.0 8.666666666666666 8.000000000000004 1
6.590185035200273 34.666666666666664 -5.628549752194926 255 198 254 319.5 8.666666666666666 8.666666666666671 1
7.011480617916214 34.666666666666664 -5.094138853201438 255 197 250 324.0 8.666666666666666 8.666666666666671 1
7.389548091068804 34.666666666666664 -4.528320894204891 255 195 242 328.5 8.666666666666666 8.666666666666671 1
7.722056542965858 34.666666666666664 -3.934584331076076 255 194 238 333.0 8.666666666666666 8.666666666666671 1
7.391036260090298 34.666666666666664 -3.061467458920718 255 196 232 337.5 8.666666666666666 8.000000000000004 1
7.608452130361232 34.666666666666664 -2.4721359549995823 255 195 224 342.0 8.666666666666666 8.000000000000004 1
7.778959363181417 34.666666666666664 -1.8675629108472425 255 194 218 346.5 8.666666666666666 8.000000000000004 1
7.901506724761105 34.666666666666664 -1.2514757203218494 255 194 215 351.0 8.666666666666666 8.000000000000004 1
7.31072711404294 34.666666666666664 -0.575366702004195 255 197 209 355.5 8.666666666666666 7.333333333333336 1
6.0 36.0 0.0 255 210 217 0.0 9.0 6.0 1
5.981504002398768 36.0 0.4707545743670697 255 210 213 4.5 9.0 6.0 1
5.926130043570827 36.0 0.9386067902413853 255 210 210 9.0 9.0 6.0 1
5.834219522386059 36.0 1.4006721831354323 255 210 206 13.5 9.0 6.0 1
5.706339097770921 36.0 1.8541019662496843 255 210 202 18.0 9.0 6.0 1
5.54327719506772 36.0 2.2961005941905386 255 211 198 22.5 9.0 6.0 1
5.346039145130208 36.0 2.7239429984372805 255 211 193 27.0 9.0 6.0 1
5.115840986124554 36.0 3.134991388295693 255 211 189 31.5 9.0 6.0 1
4.854101966249685 36.0 3.526711513754839 255 212 184 36.0 9.0 6.0 1
4.562435793600185 36.0 3.896688289981102 255 213 180 40.5 9.0 6.0 1
4.242640687119286 36.0 4.242640687119286 255 214 175 45.0 9.0 6.0 1
3.896688289981102 36.0 4.562435793600185 255 215 171 49.5 9.0 6.0 1
3.526711513754839 36.0 4.854101966249685 255 216 166 54.0 9.0 6.0 1
3.6574899530116425 36.0 5.968481150478645 255 216 151 58.5 9.0 7.0 1
3.6319239979163744 36.0 7.128052193506942 255 216 135 63.0 9.0 8.0 1
3.0614674589207187 36.0 7.391036260090294 255 218 130 67.5 9.0 8.0 1
2.4721359549995796 36.0 7.608452130361228 255 220 125 72.0 9.0 8.0 1
2.334453638559055 36.0 9.723699203976766 255 221 93 76.5 9.0 10.0 1
1.877213580482771 36.0 11.852260087141653 255 222 51 81.0 9.0 12.0 1
1.25534553164552 36.0 15.950677339730047 255 224 0 85.5 9.0 16.0 1
1.2246467991473533e-15 36.0 20.0 255 227 0 90.0 9.0 20.0 1
-1.4907228188290527 36.0 18.94142934092943 255 230 0 94.5 9.0 19.0 1
-2.8158203707241545 36.0 17.77839013071248 255 232 0 99.0 9.0 18.0 1
-4.202016549406296 36.0 17.50265856715818 251 234 0 103.5 9.0 18.0 1
-5.562305898749052 36.0 17.119017293312766 244 237 0 108.0 9.0 18.0 1
-6.888301782571615 36.0 16.62983158520316 234 240 0 112.5 9.0 18.0 1
-8.171828995311841 36.0 16.03811743539062 224 243 0 117.0 9.0 18.0 1
-9.40497416488708 36.0 15.347522958373661 211 246 0 121.5 9.0 18.0 1
-10.580134541264515 36.0 14.562305898749054 198 249 0 126.0 9.0 18.0 1
-11.690064869943305 36.0 13.687307380800556 172 254 0 130.5 9.0 18.0 1
-12.727922061357855 36.0 12.727922061357857 140 255 0 135.0 9.0 18.0 1
-13.687307380800556 36.0 11.690064869943308 102 255 0 139.5 9.0 18.0 1
-14.562305898749052 36.0 10.580134541264519 15 255 40 144.0 9.0 18.0 1
-14.494882794019567 36.0 8.882475600171132 0 255 94 148.5 9.0 17.0 1
-14.256104387013885 36.0 7.26384799583275 0 255 132 153.0 9.0 16.0 1
-12.934313455158014 36.0 5.357568053111258 0 255 158 157.5 9.0 14.0 1
-11.412678195541842 36.0 3.7082039324993703 0 255 183 162.0 9.0 12.0 1
-11.668439044772118 36.0 2.8013443662708664 0 255 189 166.5 9.0 12.0 1
-11.852260087141651 36.0 1.8772135804827719 0 255 196 171.0 9.0 12.0 1
-11.963008004797535 36.0 0.9415091487341408 0 255 203 175.5 9.0 12.0 1
-12.0 36.0 1.4695761589768238e-15 0 255 210 180.0 9.0 12.0 1
-10.966090671064407 36.0 -0.863050053006293 0 255 216 184.5 9.0 11.0 1
-9.876883405951379 36.0 -1.5643446504023073 14 255 222 189.0 9.0 10.0 1
-9.723699203976766 36.0 -2.3344536385590526 0 255 229 193.5 9.0 10.0 1
-9.510565162951536 36.0 -3.0901699437494727 0 255 235 198.0 9.0 10.0 1
-9.238795325112868 36.0 -3.8268343236508966 0 255 242 202.5 9.0 10.0 1
-8.910065241883679 36.0 -4.539904997395467 0 255 249 207.0 9.0 10.0 1
-6.821121314832738 36.0 -4.1799885177275895 84 252 249 211.5 9.0 8.0 0
-4.854101966249685 36.0 -3.5267115137548384 135 247 249 216.0 9.0 6.0 0
-3.802029828000155 36.0 -3.2472402416509176 156 244 248 220.5 9.0 5.0 0
-2.8284271247461907 36.0 -2.82842712474619 175 240 247 225.0 9.0 4.0 0
-2.5977921933207337 36.0 -3.0416238624001246 177 239 250 229.5 9.0 4.0 0
-2.351141009169893 36.0 -3.2360679774997894 179 239 252 234.0 9.0 4.0 0
-2.0899942588637943 36.0 -3.4105606574163696 182 238 253 238.5 9.0 4.0 0
-1.8159619989581877 36.0 -3.564026096753471 185 237 255 243.0 9.0 4.0 1
-1.530733729460358 36.0 -3.6955181300451474 189 236 255 247.5 9.0 4.0 1
-1.2360679774997902 36.0 -3.804226065180614 192 235 255 252.0 9.0 4.0 1
-0.7003360915677155 36.0 -2.91710976119303 207 233 248 256.5 9.0 3.0 0
-0.31286893008046207 36.0 -1.9753766811902753 220 230 240 261.0 9.0 2.0 0
-0.15691819145568936 36.0 -1.993834667466256 221 230 240 265.5 9.0 2.0 0
-3.6739403974420594e-16 36.0 -2.0 222 230 239 270.0 9.0 2.0 0
0.15691819145569041 36.0 -1.993834667466256 224 229 239 274.5 9.0 2.0 0
0.31286893008046135 36.0 -1.9753766811902755 226 229 239 279.0 9.0 2.0 0
0.700336091567717 36.0 -2.9171097611930294 226 227 248 283.5 9.0 3.0 0
1.236067977499789 36.0 -3.8042260651806146 227 226 255 288.0 9.0 4.0 1
1.53073372946036 36.0 -3.6955181300451465 230 225 255 292.5 9.0 4.0 1
1.8159619989581866 36.0 -3.564026096753472 233 225 254 297.0 9.0 4.0 0
2.089994258863796 36.0 -3.4105606574163683 235 224 254 301.5 9.0 4.0 0
2.3511410091698917 36.0 -3.2360679774997902 237 223 253 306.0 9.0 4.0 0
3.2472402416509194 36.0 -3.802029828000154 248 220 254 310.5 9.0 5.0 0
4.242640687119284 36.0 -4.242640687119286 255 216 255 315.0 9.0 6.0 1
4.562435793600186 36.0 -3.8966882899811006 255 215 252 319.5 9.0 6.0 1
4.854101966249684 36.0 -3.52671151375484 255 214 249 324.0 9.0 6.0 1
5.115840986124554 36.0 -3.134991388295692 255 213 245 328.5 9.0 6.0 1
5.346039145130207 36.0 -2.723942998437282 255 213 241 333.0 9.0 6.0 1
5.543277195067721 36.0 -2.2961005941905372 255 212 236 337.5 9.0 6.0 1
5.706339097770921 36.0 -1.854101966249686 255 211 231 342.0 9.0 6.0 1
5.83421952238606 36.0 -1.4006721831354312 255 211 228 346.5 9.0 6.0 1
5.926130043570826 36.0 -0.9386067902413866 255 211 224 351.0 9.0 6.0 1
5.981504002398768 36.0 -0.47075457436706847 255 211 221 355.5 9.0 6.0 1
4.000000000000007 37.33333333333333 0.0 255 225 229 0.0 9.333333333333332 4.000000000000007 1
3.987669334932519 37.33333333333333 0.31383638291138033 255 225 226 4.5 9.333333333333332 4.000000000000007 1
3.950753362380558 37.33333333333333 0.6257378601609246 255 225 225 9.0 9.333333333333332 4.000000000000007 1
3.8894796815907133 37.33333333333333 0.9337814554236232 255 225 221 13.5 9.333333333333332 4.000000000000007 1
3.804226065180621 37.33333333333333 1.2360679774997918 255 225 220 18.0 9.333333333333332 4.000000000000007 1
3.6955181300451536 37.33333333333333 1.5307337294603618 255 225 218 22.5 9.333333333333332 4.000000000000007 1
3.564026096753478 37.33333333333333 1.8159619989581903 255 226 213 27.0 9.333333333333332 4.000000000000007 1
3.4105606574163754 37.33333333333333 2.0899942588637987 255 226 212 31.5 9.333333333333332 4.000000000000007 1
3.2360679774997956 37.33333333333333 2.3511410091698965 255 226 207 36.0 9.333333333333332 4.000000000000007 1
3.041623862400129 37.33333333333333 2.597792193320739 255 227 203 40.5 9.333333333333332 4.000000000000007 1
2.828427124746195 37.33333333333333 2.828427124746195 255 227 201 45.0 9.333333333333332 4.000000000000007 1
2.597792193320739 37.33333333333333 3.041623862400129 255 228 200 49.5 9.333333333333332 4.000000000000007 1
2.3511410091698965 37.33333333333333 3.2360679774997956 255 229 196 54.0 9.333333333333332 4.000000000000007 1
2.6124928235797484 37.33333333333333 4.263200821770467 255 229 180 58.5 9.333333333333332 5.000000000000007 1
2.4212826652775874 37.33333333333333 4.752034795671303 255 229 175 63.0 9.333333333333332 5.333333333333343 1
2.0409783059471494 37.33333333333333 4.927357506726872 255 231 171 67.5 9.333333333333332 5.333333333333343 1
1.6480906366663894 37.33333333333333 5.072301420240827 255 231 169 72.0 9.333333333333332 5.333333333333343 1
1.400672183135436 37.33333333333333 5.834219522386073 255 232 158 76.5 9.333333333333332 6.000000000000014 1
1.2514757203218496 37.33333333333333 7.901506724761116 255 232 129 81.0 9.333333333333332 8.000000000000014 1
0.7322848934598886 37.33333333333333 9.304561781509218 255 235 103 85.5 9.333333333333332 9.333333333333357 1
8.164311994315702e-16 37.33333333333333 13.333333333333357 255 235 0 90.0 9.333333333333332 13.333333333333357 1
-1.019968244461985 37.33333333333333 12.959925338530685 255 236 2 94.5 9.333333333333332 13.000000000000021 1
-1.8772135804827732 37.33333333333333 11.852260087141675 255 239 39 99.0 9.333333333333332 12.000000000000021 1
-2.801344366270869 37.33333333333333 11.668439044772141 255 239 38 103.5 9.333333333333332 12.000000000000021 1
-3.7082039324993747 37.33333333333333 11.412678195541863 255 242 32 108.0 9.333333333333332 12.000000000000021 1
-4.592201188381085 37.33333333333333 11.086554390135461 249 245 28 112.5 9.333333333333332 12.000000000000021 0
-5.447885996874571 37.33333333333333 10.692078290260433 246 246 26 117.0 9.333333333333332 12.000000000000021 0
-6.269982776591397 37.33333333333333 10.231681972249126 242 247 31 121.5 9.333333333333332 12.000000000000021 0
-7.053423027509689 37.33333333333333 9.708203932499387 229 251 43 126.0 9.333333333333332 12.000000000000021 0
-7.793376579962216 37.33333333333333 9.124871587200387 220 253 55 130.5 9.333333333333332 12.000000000000021 0
-8.485281374238584 37.33333333333333 8.485281374238586 192 255 83 135.0 9.333333333333332 12.000000000000021 1
-9.124871587200387 37.33333333333333 7.793376579962219 160 255 117 139.5 9.333333333333332 12.000000000000021 1
-9.708203932499385 37.33333333333333 7.053423027509692 147 255 128 144.0 9.333333333333332 12.000000000000021 1
-9.94746858413109 37.33333333333333 6.095816588352747 142 255 140 148.5 9.333333333333332 11.666666666666686 1
-9.504069591342606 37.33333333333333 4.842565330555175 122 255 173 153.0 9.333333333333332 10.666666666666686 1
-8.00695594843117 37.33333333333333 3.3165897471641195 140 255 194 157.5 9.333333333333332 8.666666666666686 1
-7.608452130361242 37.33333333333333 2.4721359549995845 138 255 206 162.0 9.333333333333332 8.000000000000014 1
-7.778959363181427 37.33333333333333 1.8675629108472476 136 255 209 166.5 9.333333333333332 8.000000000000014 1
-7.9015067247611155 37.33333333333333 1.25147572032185 129 255 215 171.0 9.333333333333332 8.000000000000014 1
-7.975338669865038 37.33333333333333 0.6276727658227617 125 255 222 175.5 9.333333333333332 8.000000000000014 1
-8.000000000000014 37.33333333333333 9.797174393178843e-16 123 255 225 180.0 9.333333333333332 8.000000000000014 1
-6.97842133613191 37.33333333333333 -0.5492136700949148 141 255 227 184.5 9.333333333333332 7.000000000000014 1
-6.58458893730093 37.33333333333333 -1.04289643360154 143 255 233 189.0 9.333333333333332 6.6666666666666785 1
-6.482466135984523 37.33333333333333 -1.556302425706038 140 255 239 193.5 9.333333333333332 6.6666666666666785 1
-6.340376775301036 37.33333333333333 -2.0601132958329855 139 255 241 198.0 9.333333333333332 6.6666666666666785 1
-6.1591968834085895 37.33333333333333 -2.551222882433936 135 255 248 202.5 9.333333333333332 6.6666666666666785 1
-5.94004349458913 37.33333333333333 -3.026603331596983 134 255 251 207.0 9.333333333333332 6.6666666666666785 1
-3.9789874336524407 37.33333333333333 -2.4383266353411 170 252 248 211.5 9.333333333333332 4.6666666666666785 0
-3.2360679774997956 37.33333333333333 -2.351141009169896 181 250 251 216.0 9.333333333333332 4.000000000000007 0
-2.7881552072001172 37.33333333333333 -2.3813095105440096 187 249 250 220.5 9.333333333333332 3.6666666666666714 0
-1.8856180831641305 37.33333333333333 -1.8856180831641298 203 245 250 225.0 9.333333333333332 2.6666666666666714 0
-1.7318614622138255 37.33333333333333 -2.0277492416000866 205 244 252 229.5 9.333333333333332 2.6666666666666714 0
-1.567427339446598 37.33333333333333 -2.15737865166653 206 244 253 234.0 9.333333333333332 2.6666666666666714 0
-1.3933295059091986 37.33333333333333 -2.2737071049442505 209 243 254 238.5 9.333333333333332 2.6666666666666714 0
-1.210641332638794 37.33333333333333 -2.3760173978356516 210 243 255 243.0 9.333333333333332 2.6666666666666714 1
-1.0204891529735738 37.33333333333333 -2.463678753363436 211 243 255 247.5 9.333333333333332 2.6666666666666714 1
-0.8240453183331949 37.33333333333333 -2.5361507101204137 214 242 255 252.0 9.333333333333332 2.6666666666666714 1
-0.3890756064265097 37.33333333333333 -1.6206165339961325 226 240 247 256.5 9.333333333333332 1.6666666666666714 0
-0.20857928672030843 37.33333333333333 -1.3169177874601858 231 238 245 261.0 9.333333333333332 1.3333333333333357 0
-0.10461212763712642 37.33333333333333 -1.329223111644173 232 238 245 265.5 9.333333333333332 1.3333333333333357 0
-2.4492935982947104e-16 37.33333333333333 -1.3333333333333357 233 238 244 270.0 9.333333333333332 1.3333333333333357 0
0.10461212763712713 37.33333333333333 -1.329223111644173 234 238 244 274.5 9.333333333333332 1.3333333333333357 0
0.20857928672030793 37.33333333333333 -1.316917787460186 235 237 244 279.0 9.333333333333332 1.3333333333333357 0
0.38907560642651057 37.33333333333333 -1.6206165339961323 236 237 247 283.5 9.333333333333332 1.6666666666666714 0
0.824045318333194 37.33333333333333 -2.536150710120414 236 236 255 288.0 9.333333333333332 2.6666666666666714 1
1.0204891529735751 37.33333333333333 -2.4636787533634354 239 235 255 292.5 9.333333333333332 2.6666666666666714 1
1.2106413326387933 37.33333333333333 -2.3760173978356525 240 235 255 297.0 9.333333333333332 2.6666666666666714 1
1.3933295059092 37.33333333333333 -2.2737071049442497 241 234 254 301.5 9.333333333333332 2.6666666666666714 0
1.5674273394465972 37.33333333333333 -2.1573786516665305 243 234 253 306.0 9.333333333333332 2.6666666666666714 0
1.9483441449905563 37.33333333333333 -2.281217896800098 250 232 251 310.5 9.333333333333332 3.000000000000007 0
2.8284271247461943 37.33333333333333 -2.8284271247461956 255 229 255 315.0 9.333333333333332 4.000000000000007 1
3.0416238624001295 37.33333333333333 -2.597792193320738 255 228 252 319.5 9.333333333333332 4.000000000000007 1
3.236067977499795 37.33333333333333 -2.3511410091698974 255 228 251 324.0 9.333333333333332 4.000000000000007 1
3.4105606574163754 37.33333333333333 -2.0899942588637983 255 228 249 328.5 9.333333333333332 4.000000000000007 1
3.5640260967534774 37.33333333333333 -1.8159619989581912 255 227 245 333.0 9.333333333333332 4.000000000000007 1
3.695518130045154 37.33333333333333 -1.530733729460361 255 226 241 337.5 9.333333333333332 4.000000000000007 1
3.804226065180621 37.33333333333333 -1.236067977499793 255 226 239 342.0 9.333333333333332 4.000000000000007 1
3.8894796815907138 37.33333333333333 -0.9337814554236225 255 226 238 346.5 9.333333333333332 4.000000000000007 1
3.9507533623805577 37.33333333333333 -0.6257378601609255 255 226 234 351.0 9.333333333333332 4.000000000000007 1
3.987669334932519 37.33333333333333 -0.31383638291137955 255 226 233 355.5 9.333333333333332 4.000000000000007 1
2.0000000000000036 38.666666666666664 0.0 255 240 242 0.0 9.666666666666666 2.0000000000000036 1
1.9938346674662595 38.666666666666664 0.15691819145569016 255 240 239 4.5 9.666666666666666 2.0000000000000036 1
1.975376681190279 38.666666666666664 0.3128689300804623 255 240 239 9.0 9.666666666666666 2.0000000000000036 1
1.9447398407953567 38.666666666666664 0.4668907277118116 255 240 237 13.5 9.666666666666666 2.0000000000000036 1
1.9021130325903104 38.666666666666664 0.6180339887498959 255 240 237 18.0 9.666666666666666 2.0000000000000036 1
1.8477590650225768 38.666666666666664 0.7653668647301809 255 240 237 22.5 9.666666666666666 2.0000000000000036 1
1.782013048376739 38.666666666666664 0.9079809994790952 255 240 234 27.0 9.666666666666666 2.0000000000000036 1
1.7052803287081877 38.666666666666664 1.0449971294318994 255 240 234 31.5 9.666666666666666 2.0000000000000036 1
1.6180339887498978 38.666666666666664 1.1755705045849483 255 240 231 36.0 9.666666666666666 2.0000000000000036 1
1.5208119312000645 38.666666666666664 1.2988960966603695 255 241 228 40.5 9.666666666666666 2.0000000000000036 1
1.4142135623730976 38.666666666666664 1.4142135623730976 255 241 228 45.0 9.666666666666666 2.0000000000000036 1
1.2988960966603695 38.666666666666664 1.5208119312000645 255 241 228 49.5 9.666666666666666 2.0000000000000036 1
1.1755705045849483 38.666666666666664 1.6180339887498978 255 242 225 54.0 9.666666666666666 2.0000000000000036 1
1.3933295059091995 38.666666666666664 2.2737071049442497 255 242 215 58.5 9.666666666666666 2.6666666666666714 1
1.2106413326387937 38.666666666666664 2.3760173978356516 255 242 215 63.0 9.666666666666666 2.6666666666666714 1
1.0204891529735747 38.666666666666664 2.463678753363436 255 243 212 67.5 9.666666666666666 2.6666666666666714 1
0.8240453183331947 38.666666666666664 2.5361507101204137 255 243 212 72.0 9.666666666666666 2.6666666666666714 1
0.6225209702824157 38.666666666666664 2.5929864543938086 255 243 212 76.5 9.666666666666666 2.6666666666666714 1
0.6257378601609248 38.666666666666664 3.950753362380558 255 243 193 81.0 9.666666666666666 4.000000000000007 1
0.31383638291138055 38.666666666666664 3.987669334932519 255 245 190 85.5 9.666666666666666 4.000000000000007 1
4.082155997157851e-16 38.666666666666664 6.6666666666666785 255 244 154 90.0 9.666666666666666 6.6666666666666785 1
-0.5230606381856334 38.666666666666664 6.646115558220865 255 244 154 94.5 9.666666666666666 6.6666666666666785 1
-0.9386067902413866 38.666666666666664 5.926130043570837 255 246 160 99.0 9.666666666666666 6.000000000000011 1
-1.4006721831354345 38.666666666666664 5.8342195223860704 255 246 160 103.5 9.666666666666666 6.000000000000011 1
-1.8541019662496874 38.666666666666664 5.706339097770932 255 247 159 108.0 9.666666666666666 6.000000000000011 1
-2.2961005941905426 38.666666666666664 5.543277195067731 255 250 158 112.5 9.666666666666666 6.000000000000011 1
-2.7239429984372854 38.666666666666664 5.3460391451302165 255 250 158 117.0 9.666666666666666 6.000000000000011 1
-3.1349913882956986 38.666666666666664 5.115840986124563 255 250 158 121.5 9.666666666666666 6.000000000000011 1
-3.5267115137548446 38.666666666666664 4.854101966249694 248 252 162 126.0 9.666666666666666 6.000000000000011 0
-3.896688289981108 38.666666666666664 4.562435793600193 248 252 162 130.5 9.666666666666666 6.000000000000011 0
-4.242640687119292 38.666666666666664 4.242640687119293 228 255 174 135.0 9.666666666666666 6.000000000000011 1
-4.562435793600193 38.666666666666664 3.8966882899811095 207 255 193 139.5 9.666666666666666 6.000000000000011 1
-4.854101966249693 38.666666666666664 3.526711513754846 207 255 193 144.0 9.666666666666666 6.000000000000011 1
-5.115840986124562 38.666666666666664 3.134991388295699 207 255 193 148.5 9.666666666666666 6.000000000000011 1
-4.752034795671303 38.666666666666664 2.4212826652775874 196 255 214 153.0 9.666666666666666 5.333333333333343 1
-3.6955181300451536 38.666666666666664 1.5307337294603622 202 255 230 157.5 9.666666666666666 4.000000000000007 1
-3.804226065180621 38.666666666666664 1.2360679774997922 202 255 230 162.0 9.666666666666666 4.000000000000007 1
-3.8894796815907133 38.666666666666664 0.9337814554236238 202 255 230 166.5 9.666666666666666 4.000000000000007 1
-3.9507533623805577 38.666666666666664 0.625737860160925 199 255 235 171.0 9.666666666666666 4.000000000000007 1
-3.987669334932519 38.666666666666664 0.31383638291138083 199 255 235 175.5 9.666666666666666 4.000000000000007 1
-4.000000000000007 38.666666666666664 4.898587196589422e-16 197 255 239 180.0 9.666666666666666 4.000000000000007 1
-3.3230577791104325 38.666666666666664 -0.26153031909281654 206 255 240 184.5 9.666666666666666 3.3333333333333393 1
-3.292294468650465 38.666666666666664 -0.52144821680077 204 255 244 189.0 9.666666666666666 3.3333333333333393 1
-3.2412330679922614 38.666666666666664 -0.778151212853019 203 255 248 193.5 9.666666666666666 3.3333333333333393 1
-3.170188387650518 38.666666666666664 -1.0300566479164928 203 255 248 198.0 9.666666666666666 3.3333333333333393 1
-3.0795984417042948 38.666666666666664 -1.275611441216968 202 255 253 202.5 9.666666666666666 3.3333333333333393 1
-2.970021747294565 38.666666666666664 -1.5133016657984915 202 255 253 207.0 9.666666666666666 3.3333333333333393 1
-1.7052803287081877 38.666666666666664 -1.0449971294318992 220 253 250 211.5 9.666666666666666 2.0000000000000036 0
-1.6180339887498978 38.666666666666664 -1.175570504584948 220 252 253 216.0 9.666666666666666 2.0000000000000036 0
-1.5208119312000647 38.666666666666664 -1.2988960966603693 220 252 253 220.5 9.666666666666666 2.0000000000000036 0
-0.9428090415820652 38.666666666666664 -0.9428090415820649 230 250 252 225.0 9.666666666666666 1.3333333333333357 0
-0.8659307311069128 38.666666666666664 -1.0138746208000433 231 249 254 229.5 9.666666666666666 1.3333333333333357 0
-0.783713669723299 38.666666666666664 -1.078689325833265 231 249 254 234.0 9.666666666666666 1.3333333333333357 0
-0.6966647529545993 38.666666666666664 -1.1368535524721253 233 249 255 238.5 9.666666666666666 1.3333333333333357 1
-0.605320666319397 38.666666666666664 -1.1880086989178258 233 249 255 243.0 9.666666666666666 1.3333333333333357 1
-0.5102445764867869 38.666666666666664 -1.231839376681718 233 249 255 247.5 9.666666666666666 1.3333333333333357 1
-0.41202265916659747 38.666666666666664 -1.2680753550602069 235 248 255 252.0 9.666666666666666 1.3333333333333357 1
-0.1556302425706037 38.666666666666664 -0.6482466135984523 242 247 249 256.5 9.666666666666666 0.6666666666666679 0
-0.10428964336015421 38.666666666666664 -0.6584588937300929 243 246 250 261.0 9.666666666666666 0.6666666666666679 0
-0.05230606381856321 38.666666666666664 -0.6646115558220865 243 246 250 265.5 9.666666666666666 0.6666666666666679 0
-1.2246467991473552e-16 38.666666666666664 -0.6666666666666679 244 246 249 270.0 9.666666666666666 0.6666666666666679 0
0.052306063818563564 38.666666666666664 -0.6646115558220865 244 246 249 274.5 9.666666666666666 0.6666666666666679 0
0.10428964336015396 38.666666666666664 -0.658458893730093 245 246 249 279.0 9.666666666666666 0.6666666666666679 0
0.15563024257060407 38.666666666666664 -0.6482466135984521 245 246 249 283.5 9.666666666666666 0.6666666666666679 0
0.412022659166597 38.666666666666664 -1.268075355060207 245 245 255 288.0 9.666666666666666 1.3333333333333357 1
0.5102445764867876 38.666666666666664 -1.2318393766817177 247 245 255 292.5 9.666666666666666 1.3333333333333357 1
0.6053206663193966 38.666666666666664 -1.1880086989178262 247 245 255 297.0 9.666666666666666 1.3333333333333357 1
0.6966647529546 38.666666666666664 -1.1368535524721248 247 245 255 301.5 9.666666666666666 1.3333333333333357 1
0.7837136697232986 38.666666666666664 -1.0786893258332653 249 244 254 306.0 9.666666666666666 1.3333333333333357 0
0.8659307311069134 38.666666666666664 -1.0138746208000429 252 243 251 310.5 9.666666666666666 1.3333333333333357 0
1.4142135623730971 38.666666666666664 -1.4142135623730978 255 242 255 315.0 9.666666666666666 2.0000000000000036 1
1.5208119312000647 38.666666666666664 -1.298896096660369 255 241 253 319.5 9.666666666666666 2.0000000000000036 1
1.6180339887498976 38.666666666666664 -1.1755705045849487 255 241 253 324.0 9.666666666666666 2.0000000000000036 1
1.7052803287081877 38.666666666666664 -1.0449971294318992 255 241 253 328.5 9.666666666666666 2.0000000000000036 1
1.7820130483767387 38.666666666666664 -0.9079809994790956 255 241 250 333.0 9.666666666666666 2.0000000000000036 1
1.847759065022577 38.666666666666664 -0.7653668647301805 255 240 247 337.5 9.666666666666666 2.0000000000000036 1
1.9021130325903104 38.666666666666664 -0.6180339887498965 255 240 247 342.0 9.666666666666666 2.0000000000000036 1
1.9447398407953569 38.666666666666664 -0.4668907277118112 255 240 247 346.5 9.666666666666666 2.0000000000000036 1
1.9753766811902789 38.666666666666664 -0.31286893008046274 255 240 244 351.0 9.666666666666666 2.0000000000000036 1
1.9938346674662595 38.666666666666664 -0.15691819145568978 255 240 244 355.5 9.666666666666666 2.0000000000000036 1
0.0 40.0 0.0 255 255 255 0.0 10.0 0.0 0
-38 22.0 -38 0 0 0 0 0 0 0
-38 22.0 38 0 0 0 0 0 0 0
38 22.0 -38 0 0 0 0 0 0 0
38 22.0 38 0 0 0 0 0 0 0
3 0 1 2
3 0 2 3
3 0 3 4
3 0 4 5
3 0 5 6
3 0 6 7
3 0 7 8
3 0 8 9
3 0 9 10
3 0 10 11
3 0 11 12
3 0 12 13
3 0 13 14
3 0 14 15
3 0 15 16
3 0 16 17
3 0 17 18
3 0 18 19
3 0 19 20
3 0 20 21
3 0 21 22
3 0 22 23
3 0 23 24
3 0 24 25
3 0 25 26
3 0 26 27
3 0 27 28
3 0 28 29
3 0 29 30
3 0 30 31
3 0 31 32
3 0 32 33
3 0 33 34
3 0 34 35
3 0 35 36
3 0 36 37
3 0 37 38
3 0 38 39
3 0 39 40
3 0 40 41
3 0 41 42
3 0 42 43
3 0 43 44
3 0 44 45
3 0 45 46
3 0 46 47
3 0 47 48
3 0 48 49
3 0 49 50
3 0 50 51
3 0 51 52
3 0 52 53
3 0 53 54
3 0 54 55
3 0 55 56
3 0 56 57
3 0 57 58
3 0 58 59
3 0 59 60
3 0 60 61
3 0 61 62
3 0 62 63
3 0 63 64
3 0 64 65
3 0 65 66
3 0 66 67
3 0 67 68
3 0 68 69
3 0 69 70
3 0 70 71
3 0 71 72
3 0 72 73
3 0 73 74
3 0 74 75
3 0 75 76
3 0 76 77
3 0 77 78
3 0 78 79
3 0 79 80
3 0 80 1
3 1 81 82
3 1 82 2
3 2 82 83
3 2 83 3
3 3 83 84
3 3 84 4
3 4 84 5
3 84 85 5
3 5 85 6
3 85 86 6
3 6 86 7
3 86 87 7
3 7 87 8
3 87 88 8
3 8 88 89
3 8 89 9
3 9 89 90
3 9 90 10
3 10 90 91
3 10 91 11
3 11 91 92
3 11 92 12
3 12 92 93
3 12 93 13
3 13 93 94
3 13 94 14
3 14 94 95
3 14 95 15
3 15 95 16
3 95 96 16
3 16 96 97
3 16 97 17
3 17 97 18
3 97 98 18
3 18 98 19
3 98 99 19
3 19 99 20
3 99 100 20
3 20 100 21
3 100 101 21
3 21 101 22
3 101 102 22
3 22 102 23
3 102 103 23
3 23 103 104
3 23 104 24
3 24 104 25
3 104 105 25
3 25 105 106
3 25 106 26
3 26 106 27
3 106 107 27
3 27 107 28
3 107 108 28
3 28 108 29
3 108 109 29
3 29 109 110
3 29 110 30
3 30 110 31
3 110 111 31
3 31 111 32
3 111 112 32
3 32 112 33
3 112 113 33
3 33 113 34
3 113 114 34
3 34 114 35
3 114 115 35
3 35 115 36
3 115 116 36
3 36 116 37
3 116 117 37
3 37 117 38
3 117 118 38
3 38 118 119
3 38 119 39
3 39 119 40
3 119 120 40
3 40 120 41
3 120 121 41
3 41 121 42
3 121 122 42
3 42 122 43
3 122 123 43
3 43 123 124
3 43 124 44
3 44 124 125
3 44 125 45
3 45 125 46
3 125 126 46
3 46 126 127
3 46 127 47
3 47 127 48
3 127 128 48
3 48 128 129
3 48 129 49
3 49 129 50
3 129 130 50
3 50 130 51
3 130 131 51
3 51 131 132
3 51 132 52
3 52 132 53
3 132 133 53
3 53 133 54
3 133 134 54
3 54 134 55
3 134 135 55
3 55 135 56
3 135 136 56
3 56 136 57
3 136 137 57
3 57 137 58
3 137 138 58
3 58 138 139
3 58 139 59
3 59 139 60
3 139 140 60
3 60 140 61
3 140 141 61
3 61 141 62
3 141 142 62
3 62 142 63
3 142 143 63
3 63 143 144
3 63 144 64
3 64 144 145
3 64 145 65
3 65 145 146
3 65 146 66
3 66 146 147
3 66 147 67
3 67 147 148
3 67 148 68
3 68 148 149
3 68 149 69
3 69 149 150
3 69 150 70
3 70 150 151
3 70 151 71
3 71 151 152
3 71 152 72
3 72 152 153
3 72 153 73
3 73 153 154
3 73 154 74
3 74 154 155
3 74 155 75
3 75 155 156
3 75 156 76
3 76 156 157
3 76 157 77
3 77 157 158
3 77 158 78
3 78 158 159
3 78 159 79
3 79 159 80
3 159 160 80
3 80 160 1
3 160 81 1
3 81 161 162
3 81 162 82
3 82 162 163
3 82 163 83
3 83 163 164
3 83 164 84
3 84 164 85
3 164 165 85
3 85 165 86
3 165 166 86
3 86 166 87
3 166 167 87
3 87 167 88
3 167 168 88
3 88 168 169
3 88 169 89
3 89 169 170
3 89 170 90
3 90 170 171
3 90 171 91
3 91 171 172
3 91 172 92
3 92 172 173
3 92 173 93
3 93 173 174
3 93 174 94
3 94 174 175
3 94 175 95
3 95 175 96
3 175 176 96
3 96 176 97
3 176 177 97
3 97 177 98
3 177 178 98
3 98 178 99
3 178 179 99
3 99 179 100
3 179 180 100
3 100 180 101
3 180 181 101
3 101 181 102
3 181 182 102
3 102 182 103
3 182 183 103
3 103 183 104
3 183 184 104
3 104 184 105
3 184 185 105
3 105 185 106
3 185 186 106
3 106 186 107
3 186 187 107
3 107 187 108
3 187 188 108
3 108 188 109
3 188 189 109
3 109 189 190
3 109 190 110
3 110 190 111
3 190 191 111
3 111 191 112
3 191 192 112
3 112 192 113
3 192 193 113
3 113 193 114
3 193 194 114
3 114 194 115
3 194 195 115
3 115 195 116
3 195 196 116
3 116 196 197
3 116 197 117
3 117 197 118
3 197 198 118
3 118 198 199
3 118 199 119
3 119 199 120
3 199 200 120
3 120 200 121
3 200 201 121
3 121 201 122
3 201 202 122
3 122 202 123
3 202 203 123
3 123 203 204
3 123 204 124
3 124 204 205
3 124 205 125
3 125 205 206
3 125 206 126
3 126 206 207
3 126 207 127
3 127 207 128
3 207 208 128
3 128 208 129
3 208 209 129
3 129 209 130
3 209 210 130
3 130 210 131
3 210 211 131
3 131 211 132
3 211 212 132
3 132 212 213
3 132 213 133
3 133 213 134
3 213 214 134
3 134 214 135
3 214 215 135
3 135 215 136
3 215 216 136
3 136 216 137
3 216 217 137
3 137 217 218
3 137 218 138
3 138 218 219
3 138 219 139
3 139 219 140
3 219 220 140
3 140 220 141
3 220 221 141
3 141 221 142
3 221 222 142
3 142 222 143
3 222 223 143
3 143 223 224
3 143 224 144
3 144 224 225
3 144 225 145
3 145 225 226
3 145 226 146
3 146 226 227
3 146 227 147
3 147 227 228
3 147 228 148
3 148 228 229
3 148 229 149
3 149 229 230
3 149 230 150
3 150 230 231
3 150 231 151
3 151 231 232
3 151 232 152
3 152 232 233
3 152 233 153
3 153 233 234
3 153 234 154
3 154 234 235
3 154 235 155
3 155 235 236
3 155 236 156
3 156 236 237
3 156 237 157
3 157 237 238
3 157 238 158
3 158 238 239
3 158 239 159
3 159 239 160
3 239 240 160
3 160 240 81
3 240 161 81
3 161 241 242
3 161 242 162
3 162 242 243
3 162 243 163
3 163 243 244
3 163 244 164
3 164 244 245
3 164 245 165
3 165 245 166
3 245 246 166
3 166 246 167
3 246 247 167
3 167 247 168
3 247 248 168
3 168 248 249
3 168 249 169
3 169 249 250
3 169 250 170
3 170 250 171
3 250 251 171
3 171 251 172
3 251 252 172
3 172 252 253
3 172 253 173
3 173 253 254
3 173 254 174
3 174 254 255
3 174 255 175
3 175 255 256
3 175 256 176
3 176 256 177
3 256 257 177
3 177 257 178
3 257 258 178
3 178 258 179
3 258 259 179
3 179 259 180
3 259 260 180
3 180 260 261
3 180 261 181
3 181 261 182
3 261 262 182
3 182 262 183
3 262 263 183
3 183 263 184
3 263 264 184
3 184 264 185
3 264 265 185
3 185 265 266
3 185 266 186
3 186 266 187
3 266 267 187
3 187 267 188
3 267 268 188
3 188 268 189
3 268 269 189
3 189 269 270
3 189 270 190
3 190 270 191
3 270 271 191
3 191 271 192
3 271 272 192
3 192 272 193
3 272 273 193
3 193 273 194
3 273 274 194
3 194 274 195
3 274 275 195
3 195 275 196
3 275 276 196
3 196 276 197
3 276 277 197
3 197 277 198
3 277 278 198
3 198 278 279
3 198 279 199
3 199 279 200
3 279 280 200
3 200 280 281
3 200 281 201
3 201 281 202
3 281 282 202
3 202 282 283
3 202 283 203
3 203 283 284
3 203 284 204
3 204 284 285
3 204 285 205
3 205 285 206
3 285 286 206
3 206 286 287
3 206 287 207
3 207 287 208
3 287 288 208
3 208 288 289
3 208 289 209
3 209 289 210
3 289 290 210
3 210 290 211
3 290 291 211
3 211 291 292
3 211 292 212
3 212 292 293
3 212 293 213
3 213 293 214
3 293 294 214
3 214 294 215
3 294 295 215
3 215 295 296
3 215 296 216
3 216 296 217
3 296 297 217
3 217 297 298
3 217 298 218
3 218 298 219
3 298 299 219
3 219 299 220
3 299 300 220
3 220 300 221
3 300 301 221
3 221 301 222
3 301 302 222
3 222 302 223
3 302 303 223
3 223 303 304
3 223 304 224
3 224 304 305
3 224 305 225
3 225 305 306
3 225 306 226
3 226 306 307
3 226 307 227
3 227 307 308
3 227 308 228
3 228 308 309
3 228 309 229
3 229 309 310
3 229 310 230
3 230 310 311
3 230 311 231
3 231 311 312
3 231 312 232
3 232 312 313
3 232 313 233
3 233 313 314
3 233 314 234
3 234 314 315
3 234 315 235
3 235 315 316
3 235 316 236
3 236 316 317
3 236 317 237
3 237 317 318
3 237 318 238
3 238 318 319
3 238 319 239
3 239 319 240
3 319 320 240
3 240 320 241
3 240 241 161
3 241 321 322
3 241 322 242
3 242 322 323
3 242 323 243
3 243 323 244
3 323 324 244
3 244 324 245
3 324 325 245
3 245 325 246
3 325 326 246
3 246 326 247
3 326 327 247
3 247 327 248
3 327 328 248
3 248 328 249
3 328 329 249
3 249 329 330
3 249 330 250
3 250 330 331
3 250 331 251
3 251 331 332
3 251 332 252
3 252 332 333
3 252 333 253
3 253 333 334
3 253 334 254
3 254 334 335
3 254 335 255
3 255 335 336
3 255 336 256
3 256 336 337
3 256 337 257
3 257 337 258
3 337 338 258
3 258 338 259
3 338 339 259
3 259 339 260
3 339 340 260
3 260 340 261
3 340 341 261
3 261 341 262
3 341 342 262
3 262 342 263
3 342 343 263
3 263 343 264
3 343 344 264
3 264 344 265
3 344 345 265
3 265 345 266
3 345 346 266
3 266 346 267
3 346 347 267
3 267 347 268
3 347 348 268
3 268 348 269
3 348 349 269
3 269 349 270
3 349 350 270
3 270 350 271
3 350 351 271
3 271 351 272
3 351 352 272
3 272 352 273
3 352 353 273
3 273 353 274
3 353 354 274
3 274 354 275
3 354 355 275
3 275 355 276
3 355 356 276
3 276 356 277
3 356 357 277
3 277 357 358
3 277 358 278
3 278 358 359
3 278 359 279
3 279 359 280
3 359 360 280
3 280 360 361
3 280 361 281
3 281 361 362
3 281 362 282
3 282 362 363
3 282 363 283
3 283 363 364
3 283 364 284
3 284 364 365
3 284 365 285
3 285 365 366
3 285 366 286
3 286 366 287
3 366 367 287
3 287 367 368
3 287 368 288
3 288 368 369
3 288 369 289
3 289 369 290
3 369 370 290
3 290 370 291
3 370 371 291
3 291 371 372
3 291 372 292
3 292 372 373
3 292 373 293
3 293 373 294
3 373 374 294
3 294 374 295
3 374 375 295
3 295 375 376
3 295 376 296
3 296 376 297
3 376 377 297
3 297 377 298
3 377 378 298
3 298 378 299
3 378 379 299
3 299 379 300
3 379 380 300
3 300 380 301
3 380 381 301
3 301 381 302
3 381 382 302
3 302 382 303
3 382 383 303
3 303 383 384
3 303 384 304
3 304 384 385
3 304 385 305
3 305 385 386
3 305 386 306
3 306 386 387
3 306 387 307
3 307 387 388
3 307 388 308
3 308 388 389
3 308 389 309
3 309 389 390
3 309 390 310
3 310 390 391
3 310 391 311
3 311 391 392
3 311 392 312
3 312 392 393
3 312 393 313
3 313 393 394
3 313 394 314
3 314 394 395
3 314 395 315
3 315 395 396
3 315 396 316
3 316 396 397
3 316 397 317
3 317 397 398
3 317 398 318
3 318 398 399
3 318 399 319
3 319 399 400
3 319 400 320
3 320 400 321
3 320 321 241
3 321 401 402
3 321 402 322
3 322 402 403
3 322 403 323
3 323 403 404
3 323 404 324
3 324 404 325
3 404 405 325
3 325 405 326
3 405 406 326
3 326 406 327
3 406 407 327
3 327 407 328
3 407 408 328
3 328 408 329
3 408 409 329
3 329 409 410
3 329 410 330
3 330 410 411
3 330 411 331
3 331 411 412
3 331 412 332
3 332 412 413
3 332 413 333
3 333 413 414
3 333 414 334
3 334 414 335
3 414 415 335
3 335 415 416
3 335 416 336
3 336 416 417
3 336 417 337
3 337 417 418
3 337 418 338
3 338 418 339
3 418 419 339
3 339 419 420
3 339 420 340
3 340 420 341
3 420 421 341
3 341 421 342
3 421 422 342
3 342 422 343
3 422 423 343
3 343 423 344
3 423 424 344
3 344 424 345
3 424 425 345
3 345 425 346
3 425 426 346
3 346 426 347
3 426 427 347
3 347 427 348
3 427 428 348
3 348 428 349
3 428 429 349
3 349 429 350
3 429 430 350
3 350 430 351
3 430 431 351
3 351 431 352
3 431 432 352
3 352 432 353
3 432 433 353
3 353 433 354
3 433 434 354
3 354 434 355
3 434 435 355
3 355 435 356
3 435 436 356
3 356 436 437
3 356 437 357
3 357 437 438
3 357 438 358
3 358 438 439
3 358 439 359
3 359 439 360
3 439 440 360
3 360 440 441
3 360 441 361
3 361 441 442
3 361 442 362
3 362 442 443
3 362 443 363
3 363 443 444
3 363 444 364
3 364 444 445
3 364 445 365
3 365 445 446
3 365 446 366
3 366 446 367
3 446 447 367
3 367 447 448
3 367 448 368
3 368 448 449
3 368 449 369
3 369 449 370
3 449 450 370
3 370 450 371
3 450 451 371
3 371 451 452
3 371 452 372
3 372 452 453
3 372 453 373
3 373 453 374
3 453 454 374
3 374 454 375
3 454 455 375
3 375 455 456
3 375 456 376
3 376 456 457
3 376 457 377
3 377 457 378
3 457 458 378
3 378 458 379
3 458 459 379
3 379 459 380
3 459 460 380
3 380 460 381
3 460 461 381
3 381 461 382
3 461 462 382
3 382 462 383
3 462 463 383
3 383 463 384
3 463 464 384
3 384 464 465
3 384 465 385
3 385 465 466
3 385 466 386
3 386 466 467
3 386 467 387
3 387 467 468
3 387 468 388
3 388 468 469
3 388 469 389
3 389 469 470
3 389 470 390
3 390 470 471
3 390 471 391
3 391 471 472
3 391 472 392
3 392 472 473
3 392 473 393
3 393 473 474
3 393 474 394
3 394 474 475
3 394 475 395
3 395 475 476
3 395 476 396
3 396 476 477
3 396 477 397
3 397 477 478
3 397 478 398
3 398 478 479
3 398 479 399
3 399 479 480
3 399 480 400
3 400 480 401
3 400 401 321
3 401 481 482
3 401 482 402
3 402 482 403
3 482 483 403
3 403 483 484
3 403 484 404
3 404 484 405
3 484 485 405
3 405 485 406
3 485 486 406
3 406 486 487
3 406 487 407
3 407 487 488
3 407 488 408
3 408 488 409
3 488 489 409
3 409 489 410
3 489 490 410
3 410 490 491
3 410 491 411
3 411 491 492
3 411 492 412
3 412 492 493
3 412 493 413
3 413 493 494
3 413 494 414
3 414 494 415
3 494 495 415
3 415 495 496
3 415 496 416
3 416 496 497
3 416 497 417
3 417 497 498
3 417 498 418
3 418 498 419
3 498 499 419
3 419 499 500
3 419 500 420
3 420 500 421
3 500 501 421
3 421 501 502
3 421 502 422
3 422 502 423
3 502 503 423
3 423 503 424
3 503 504 424
3 424 504 425
3 504 505 425
3 425 505 426
3 505 506 426
3 426 506 427
3 506 507 427
3 427 507 428
3 507 508 428
3 428 508 429
3 508 509 429
3 429 509 430
3 509 510 430
3 430 510 431
3 510 511 431
3 431 511 432
3 511 512 432
3 432 512 433
3 512 513 433
3 433 513 434
3 513 514 434
3 434 514 435
3 514 515 435
3 435 515 436
3 515 516 436
3 436 516 517
3 436 517 437
3 437 517 438
3 517 518 438
3 438 518 519
3 438 519 439
3 439 519 440
3 519 520 440
3 440 520 441
3 520 521 441
3 441 521 522
3 441 522 442
3 442 522 523
3 442 523 443
3 443 523 524
3 443 524 444
3 444 524 525
3 444 525 445
3 445 525 526
3 445 526 446
3 446 526 527
3 446 527 447
3 447 527 528
3 447 528 448
3 448 528 529
3 448 529 449
3 449 529 450
3 529 530 450
3 450 530 531
3 450 531 451
3 451 531 532
3 451 532 452
3 452 532 453
3 532 533 453
3 453 533 454
3 533 534 454
3 454 534 455
3 534 535 455
3 455 535 456
3 535 536 456
3 456 536 457
3 536 537 457
3 457 537 458
3 537 538 458
3 458 538 459
3 538 539 459
3 459 539 460
3 539 540 460
3 460 540 461
3 540 541 461
3 461 541 462
3 541 542 462
3 462 542 543
3 462 543 463
3 463 543 464
3 543 544 464
3 464 544 465
3 544 545 465
3 465 545 466
3 545 546 466
3 466 546 547
3 466 547 467
3 467 547 548
3 467 548 468
3 468 548 549
3 468 549 469
3 469 549 550
3 469 550 470
3 470 550 551
3 470 551 471
3 471 551 552
3 471 552 472
3 472 552 553
3 472 553 473
3 473 553 554
3 473 554 474
3 474 554 555
3 474 555 475
3 475 555 556
3 475 556 476
3 476 556 557
3 476 557 477
3 477 557 558
3 477 558 478
3 478 558 559
3 478 559 479
3 479 559 560
3 479 560 480
3 480 560 481
3 480 481 401
3 481 561 562
3 481 562 482
3 482 562 483
3 562 563 483
3 483 563 564
3 483 564 484
3 484 564 485
3 564 565 485
3 485 565 486
3 565 566 486
3 486 566 487
3 566 567 487
3 487 567 568
3 487 568 488
3 488 568 569
3 488 569 489
3 489 569 570
3 489 570 490
3 490 570 571
3 490 571 491
3 491 571 572
3 491 572 492
3 492 572 573
3 492 573 493
3 493 573 494
3 573 574 494
3 494 574 575
3 494 575 495
3 495 575 576
3 495 576 496
3 496 576 577
3 496 577 497
3 497 577 578
3 497 578 498
3 498 578 579
3 498 579 499
3 499 579 580
3 499 580 500
3 500 580 501
3 580 581 501
3 501 581 502
3 581 582 502
3 502 582 503
3 582 583 503
3 503 583 504
3 583 584 504
3 504 584 505
3 584 585 505
3 505 585 586
3 505 586 506
3 506 586 507
3 586 587 507
3 507 587 508
3 587 588 508
3 508 588 509
3 588 589 509
3 509 589 510
3 589 590 510
3 510 590 511
3 590 591 511
3 511 591 512
3 591 592 512
3 512 592 513
3 592 593 513
3 513 593 514
3 593 594 514
3 514 594 515
3 594 595 515
3 515 595 516
3 595 596 516
3 516 596 597
3 516 597 517
3 517 597 518
3 597 598 518
3 518 598 599
3 518 599 519
3 519 599 600
3 519 600 520
3 520 600 521
3 600 601 521
3 521 601 602
3 521 602 522
3 522 602 603
3 522 603 523
3 523 603 604
3 523 604 524
3 524 604 605
3 524 605 525
3 525 605 606
3 525 606 526
3 526 606 607
3 526 607 527
3 527 607 608
3 527 608 528
3 528 608 609
3 528 609 529
3 529 609 610
3 529 610 530
3 530 610 611
3 530 611 531
3 531 611 612
3 531 612 532
3 532 612 613
3 532 613 533
3 533 613 534
3 613 614 534
3 534 614 535
3 614 615 535
3 535 615 536
3 615 616 536
3 536 616 537
3 616 617 537
3 537 617 538
3 617 618 538
3 538 618 539
3 618 619 539
3 539 619 540
3 619 620 540
3 540 620 541
3 620 621 541
3 541 621 542
3 621 622 542
3 542 622 623
3 542 623 543
3 543 623 544
3 623 624 544
3 544 624 545
3 624 625 545
3 545 625 626
3 545 626 546
3 546 626 627
3 546 627 547
3 547 627 628
3 547 628 548
3 548 628 629
3 548 629 549
3 549 629 630
3 549 630 550
3 550 630 631
3 550 631 551
3 551 631 632
3 551 632 552
3 552 632 633
3 552 633 553
3 553 633 634
3 553 634 554
3 554 634 635
3 554 635 555
3 555 635 636
3 555 636 556
3 556 636 637
3 556 637 557
3 557 637 638
3 557 638 558
3 558 638 639
3 558 639 559
3 559 639 640
3 559 640 560
3 560 640 561
3 560 561 481
3 561 641 562
3 641 642 562
3 562 642 563
3 642 643 563
3 563 643 644
3 563 644 564
3 564 644 645
3 564 645 565
3 565 645 566
3 645 646 566
3 566 646 567
3 646 647 567
3 567 647 648
3 567 648 568
3 568 648 649
3 568 649 569
3 569 649 650
3 569 650 570
3 570 650 651
3 570 651 571
3 571 651 652
3 571 652 572
3 572 652 653
3 572 653 573
3 573 653 654
3 573 654 574
3 574 654 655
3 574 655 575
3 575 655 656
3 575 656 576
3 576 656 657
3 576 657 577
3 577 657 658
3 577 658 578
3 578 658 659
3 578 659 579
3 579 659 660
3 579 660 580
3 580 660 581
3 660 661 581
3 581 661 582
3 661 662 582
3 582 662 583
3 662 663 583
3 583 663 584
3 663 664 584
3 584 664 585
3 664 665 585
3 585 665 666
3 585 666 586
3 586 666 587
3 666 667 587
3 587 667 588
3 667 668 588
3 588 668 589
3 668 669 589
3 589 669 590
3 669 670 590
3 590 670 591
3 670 671 591
3 591 671 592
3 671 672 592
3 592 672 593
3 672 673 593
3 593 673 594
3 673 674 594
3 594 674 595
3 674 675 595
3 595 675 596
3 675 676 596
3 596 676 677
3 596 677 597
3 597 677 598
3 677 678 598
3 598 678 679
3 598 679 599
3 599 679 680
3 599 680 600
3 600 680 601
3 680 681 601
3 601 681 682
3 601 682 602
3 602 682 683
3 602 683 603
3 603 683 684
3 603 684 604
3 604 684 685
3 604 685 605
3 605 685 686
3 605 686 606
3 606 686 687
3 606 687 607
3 607 687 688
3 607 688 608
3 608 688 689
3 608 689 609
3 609 689 690
3 609 690 610
3 610 690 691
3 610 691 611
3 611 691 612
3 691 692 612
3 612 692 613
3 692 693 613
3 613 693 614
3 693 694 614
3 614 694 695
3 614 695 615
3 615 695 616
3 695 696 616
3 616 696 617
3 696 697 617
3 617 697 618
3 697 698 618
3 618 698 699
3 618 699 619
3 619 699 620
3 699 700 620
3 620 700 621
3 700 701 621
3 621 701 702
3 621 702 622
3 622 702 703
3 622 703 623
3 623 703 704
3 623 704 624
3 624 704 625
3 704 705 625
3 625 705 706
3 625 706 626
3 626 706 627
3 706 707 627
3 627 707 708
3 627 708 628
3 628 708 709
3 628 709 629
3 629 709 710
3 629 710 630
3 630 710 711
3 630 711 631
3 631 711 712
3 631 712 632
3 632 712 713
3 632 713 633
3 633 713 714
3 633 714 634
3 634 714 715
3 634 715 635
3 635 715 716
3 635 716 636
3 636 716 717
3 636 717 637
3 637 717 718
3 637 718 638
3 638 718 719
3 638 719 639
3 639 719 720
3 639 720 640
3 640 720 641
3 640 641 561
3 641 721 642
3 721 722 642
3 642 722 723
3 642 723 643
3 643 723 724
3 643 724 644
3 644 724 645
3 724 725 645
3 645 725 646
3 725 726 646
3 646 726 727
3 646 727 647
3 647 727 728
3 647 728 648
3 648 728 729
3 648 729 649
3 649 729 730
3 649 730 650
3 650 730 731
3 650 731 651
3 651 731 732
3 651 732 652
3 652 732 733
3 652 733 653
3 653 733 734
3 653 734 654
3 654 734 735
3 654 735 655
3 655 735 656
3 735 736 656
3 656 736 737
3 656 737 657
3 657 737 738
3 657 738 658
3 658 738 739
3 658 739 659
3 659 739 740
3 659 740 660
3 660 740 741
3 660 741 661
3 661 741 662
3 741 742 662
3 662 742 663
3 742 743 663
3 663 743 664
3 743 744 664
3 664 744 745
3 664 745 665
3 665 745 746
3 665 746 666
3 666 746 667
3 746 747 667
3 667 747 668
3 747 748 668
3 668 748 669
3 748 749 669
3 669 749 670
3 749 750 670
3 670 750 671
3 750 751 671
3 671 751 672
3 751 752 672
3 672 752 673
3 752 753 673
3 673 753 674
3 753 754 674
3 674 754 675
3 754 755 675
3 675 755 676
3 755 756 676
3 676 756 757
3 676 757 677
3 677 757 678
3 757 758 678
3 678 758 679
3 758 759 679
3 679 759 760
3 679 760 680
3 680 760 681
3 760 761 681
3 681 761 762
3 681 762 682
3 682 762 763
3 682 763 683
3 683 763 764
3 683 764 684
3 684 764 765
3 684 765 685
3 685 765 766
3 685 766 686
3 686 766 767
3 686 767 687
3 687 767 768
3 687 768 688
3 688 768 769
3 688 769 689
3 689 769 770
3 689 770 690
3 690 770 771
3 690 771 691
3 691 771 772
3 691 772 692
3 692 772 773
3 692 773 693
3 693 773 694
3 773 774 694
3 694 774 775
3 694 775 695
3 695 775 696
3 775 776 696
3 696 776 697
3 776 777 697
3 697 777 698
3 777 778 698
3 698 778 699
3 778 779 699
3 699 779 700
3 779 780 700
3 700 780 701
3 780 781 701
3 701 781 702
3 781 782 702
3 702 782 783
3 702 783 703
3 703 783 704
3 783 784 704
3 704 784 785
3 704 785 705
3 705 785 786
3 705 786 706
3 706 786 787
3 706 787 707
3 707 787 708
3 787 788 708
3 708 788 709
3 788 789 709
3 709 789 710
3 789 790 710
3 710 790 791
3 710 791 711
3 711 791 792
3 711 792 712
3 712 792 793
3 712 793 713
3 713 793 794
3 713 794 714
3 714 794 795
3 714 795 715
3 715 795 796
3 715 796 716
3 716 796 797
3 716 797 717
3 717 797 798
3 717 798 718
3 718 798 799
3 718 799 719
3 719 799 800
3 719 800 720
3 720 800 721
3 720 721 641
3 721 801 802
3 721 802 722
3 722 802 803
3 722 803 723
3 723 803 804
3 723 804 724
3 724 804 725
3 804 805 725
3 725 805 726
3 805 806 726
3 726 806 727
3 806 807 727
3 727 807 808
3 727 808 728
3 728 808 809
3 728 809 729
3 729 809 810
3 729 810 730
3 730 810 811
3 730 811 731
3 731 811 812
3 731 812 732
3 732 812 813
3 732 813 733
3 733 813 814
3 733 814 734
3 734 814 815
3 734 815 735
3 735 815 816
3 735 816 736
3 736 816 817
3 736 817 737
3 737 817 818
3 737 818 738
3 738 818 819
3 738 819 739
3 739 819 820
3 739 820 740
3 740 820 821
3 740 821 741
3 741 821 822
3 741 822 742
3 742 822 743
3 822 823 743
3 743 823 744
3 823 824 744
3 744 824 745
3 824 825 745
3 745 825 826
3 745 826 746
3 746 826 747
3 826 827 747
3 747 827 748
3 827 828 748
3 748 828 749
3 828 829 749
3 749 829 750
3 829 830 750
3 750 830 751
3 830 831 751
3 751 831 752
3 831 832 752
3 752 832 753
3 832 833 753
3 753 833 754
3 833 834 754
3 754 834 755
3 834 835 755
3 755 835 756
3 835 836 756
3 756 836 837
3 756 837 757
3 757 837 838
3 757 838 758
3 758 838 839
3 758 839 759
3 759 839 760
3 839 840 760
3 760 840 761
3 840 841 761
3 761 841 842
3 761 842 762
3 762 842 843
3 762 843 763
3 763 843 844
3 763 844 764
3 764 844 845
3 764 845 765
3 765 845 846
3 765 846 766
3 766 846 847
3 766 847 767
3 767 847 848
3 767 848 768
3 768 848 849
3 768 849 769
3 769 849 850
3 769 850 770
3 770 850 851
3 770 851 771
3 771 851 852
3 771 852 772
3 772 852 853
3 772 853 773
3 773 853 774
3 853 854 774
3 774 854 855
3 774 855 775
3 775 855 776
3 855 856 776
3 776 856 777
3 856 857 777
3 777 857 778
3 857 858 778
3 778 858 779
3 858 859 779
3 779 859 780
3 859 860 780
3 780 860 781
3 860 861 781
3 781 861 862
3 781 862 782
3 782 862 863
3 782 863 783
3 783 863 864
3 783 864 784
3 784 864 865
3 784 865 785
3 785 865 866
3 785 866 786
3 786 866 867
3 786 867 787
3 787 867 788
3 867 868 788
3 788 868 789
3 868 869 789
3 789 869 870
3 789 870 790
3 790 870 871
3 790 871 791
3 791 871 872
3 791 872 792
3 792 872 873
3 792 873 793
3 793 873 874
3 793 874 794
3 794 874 875
3 794 875 795
3 795 875 876
3 795 876 796
3 796 876 877
3 796 877 797
3 797 877 878
3 797 878 798
3 798 878 879
3 798 879 799
3 799 879 880
3 799 880 800
3 800 880 801
3 800 801 721
3 801 881 882
3 801 882 802
3 802 882 883
3 802 883 803
3 803 883 884
3 803 884 804
3 804 884 885
3 804 885 805
3 805 885 806
3 885 886 806
3 806 886 807
3 886 887 807
3 807 887 888
3 807 888 808
3 808 888 889
3 808 889 809
3 809 889 890
3 809 890 810
3 810 890 891
3 810 891 811
3 811 891 892
3 811 892 812
3 812 892 893
3 812 893 813
3 813 893 894
3 813 894 814
3 814 894 895
3 814 895 815
3 815 895 816
3 895 896 816
3 816 896 897
3 816 897 817
3 817 897 898
3 817 898 818
3 818 898 819
3 898 899 819
3 819 899 900
3 819 900 820
3 820 900 901
3 820 901 821
3 821 901 902
3 821 902 822
3 822 902 823
3 902 903 823
3 823 903 824
3 903 904 824
3 824 904 825
3 904 905 825
3 825 905 906
3 825 906 826
3 826 906 827
3 906 907 827
3 827 907 828
3 907 908 828
3 828 908 829
3 908 909 829
3 829 909 830
3 909 910 830
3 830 910 831
3 910 911 831
3 831 911 832
3 911 912 832
3 832 912 833
3 912 913 833
3 833 913 834
3 913 914 834
3 834 914 835
3 914 915 835
3 835 915 836
3 915 916 836
3 836 916 917
3 836 917 837
3 837 917 918
3 837 918 838
3 838 918 839
3 918 919 839
3 839 919 840
3 919 920 840
3 840 920 841
3 920 921 841
3 841 921 922
3 841 922 842
3 842 922 923
3 842 923 843
3 843 923 924
3 843 924 844
3 844 924 925
3 844 925 845
3 845 925 926
3 845 926 846
3 846 926 927
3 846 927 847
3 847 927 928
3 847 928 848
3 848 928 929
3 848 929 849
3 849 929 850
3 929 930 850
3 850 930 931
3 850 931 851
3 851 931 932
3 851 932 852
3 852 932 933
3 852 933 853
3 853 933 854
3 933 934 854
3 854 934 935
3 854 935 855
3 855 935 856
3 935 936 856
3 856 936 857
3 936 937 857
3 857 937 858
3 937 938 858
3 858 938 859
3 938 939 859
3 859 939 860
3 939 940 860
3 860 940 861
3 940 941 861
3 861 941 942
3 861 942 862
3 862 942 943
3 862 943 863
3 863 943 944
3 863 944 864
3 864 944 945
3 864 945 865
3 865 945 946
3 865 946 866
3 866 946 947
3 866 947 867
3 867 947 868
3 947 948 868
3 868 948 869
3 948 949 869
3 869 949 950
3 869 950 870
3 870 950 951
3 870 951 871
3 871 951 952
3 871 952 872
3 872 952 953
3 872 953 873
3 873 953 954
3 873 954 874
3 874 954 955
3 874 955 875
3 875 955 956
3 875 956 876
3 876 956 957
3 876 957 877
3 877 957 958
3 877 958 878
3 878 958 959
3 878 959 879
3 879 959 960
3 879 960 880
3 880 960 801
3 960 881 801
3 881 961 962
3 881 962 882
3 882 962 963
3 882 963 883
3 883 963 964
3 883 964 884
3 884 964 965
3 884 965 885
3 885 965 886
3 965 966 886
3 886 966 887
3 966 967 887
3 887 967 968
3 887 968 888
3 888 968 969
3 888 969 889
3 889 969 970
3 889 970 890
3 890 970 971
3 890 971 891
3 891 971 972
3 891 972 892
3 892 972 973
3 892 973 893
3 893 973 974
3 893 974 894
3 894 974 975
3 894 975 895
3 895 975 896
3 975 976 896
3 896 976 977
3 896 977 897
3 897 977 898
3 977 978 898
3 898 978 899
3 978 979 899
3 899 979 980
3 899 980 900
3 900 980 981
3 900 981 901
3 901 981 902
3 981 982 902
3 902 982 903
3 982 983 903
3 903 983 984
3 903 984 904
3 904 984 905
3 984 985 905
3 905 985 986
3 905 986 906
3 906 986 907
3 986 987 907
3 907 987 908
3 987 988 908
3 908 988 909
3 988 989 909
3 909 989 910
3 989 990 910
3 910 990 911
3 990 991 911
3 911 991 912
3 991 992 912
3 912 992 913
3 992 993 913
3 913 993 914
3 993 994 914
3 914 994 915
3 994 995 915
3 915 995 916
3 995 996 916
3 916 996 917
3 996 997 917
3 917 997 998
3 917 998 918
3 918 998 919
3 998 999 919
3 919 999 920
3 999 1000 920
3 920 1000 921
3 1000 1001 921
3 921 1001 1002
3 921 1002 922
3 922 1002 923
3 1002 1003 923
3 923 1003 1004
3 923 1004 924
3 924 1004 1005
3 924 1005 925
3 925 1005 1006
3 925 1006 926
3 926 1006 1007
3 926 1007 927
3 927 1007 928
3 1007 1008 928
3 928 1008 929
3 1008 1009 929
3 929 1009 930
3 1009 1010 930
3 930 1010 931
3 1010 1011 931
3 931 1011 932
3 1011 1012 932
3 932 1012 1013
3 932 1013 933
3 933 1013 934
3 1013 1014 934
3 934 1014 1015
3 934 1015 935
3 935 1015 936
3 1015 1016 936
3 936 1016 937
3 1016 1017 937
3 937 1017 938
3 1017 1018 938
3 938 1018 939
3 1018 1019 939
3 939 1019 940
3 1019 1020 940
3 940 1020 1021
3 940 1021 941
3 941 1021 1022
3 941 1022 942
3 942 1022 1023
3 942 1023 943
3 943 1023 1024
3 943 1024 944
3 944 1024 1025
3 944 1025 945
3 945 1025 1026
3 945 1026 946
3 946 1026 1027
3 946 1027 947
3 947 1027 948
3 1027 1028 948
3 948 1028 1029
3 948 1029 949
3 949 1029 1030
3 949 1030 950
3 950 1030 951
3 1030 1031 951
3 951 1031 952
3 1031 1032 952
3 952 1032 953
3 1032 1033 953
3 953 1033 954
3 1033 1034 954
3 954 1034 955
3 1034 1035 955
3 955 1035 956
3 1035 1036 956
3 956 1036 1037
3 956 1037 957
3 957 1037 1038
3 957 1038 958
3 958 1038 1039
3 958 1039 959
3 959 1039 1040
3 959 1040 960
3 960 1040 881
3 1040 961 881
3 961 1041 1042
3 961 1042 962
3 962 1042 1043
3 962 1043 963
3 963 1043 1044
3 963 1044 964
3 964 1044 965
3 1044 1045 965
3 965 1045 966
3 1045 1046 966
3 966 1046 967
3 1046 1047 967
3 967 1047 1048
3 967 1048 968
3 968 1048 1049
3 968 1049 969
3 969 1049 1050
3 969 1050 970
3 970 1050 1051
3 970 1051 971
3 971 1051 1052
3 971 1052 972
3 972 1052 1053
3 972 1053 973
3 973 1053 1054
3 973 1054 974
3 974 1054 1055
3 974 1055 975
3 975 1055 1056
3 975 1056 976
3 976 1056 1057
3 976 1057 977
3 977 1057 978
3 1057 1058 978
3 978 1058 979
3 1058 1059 979
3 979 1059 1060
3 979 1060 980
3 980 1060 1061
3 980 1061 981
3 981 1061 982
3 1061 1062 982
3 982 1062 983
3 1062 1063 983
3 983 1063 1064
3 983 1064 984
3 984 1064 985
3 1064 1065 985
3 985 1065 1066
3 985 1066 986
3 986 1066 987
3 1066 1067 987
3 987 1067 988
3 1067 1068 988
3 988 1068 989
3 1068 1069 989
3 989 1069 990
3 1069 1070 990
3 990 1070 991
3 1070 1071 991
3 991 1071 992
3 1071 1072 992
3 992 1072 993
3 1072 1073 993
3 993 1073 994
3 1073 1074 994
3 994 1074 995
3 1074 1075 995
3 995 1075 1076
3 995 1076 996
3 996 1076 997
3 1076 1077 997
3 997 1077 1078
3 997 1078 998
3 998 1078 999
3 1078 1079 999
3 999 1079 1000
3 1079 1080 1000
3 1000 1080 1001
3 1080 1081 1001
3 1001 1081 1082
3 1001 1082 1002
3 1002 1082 1083
3 1002 1083 1003
3 1003 1083 1084
3 1003 1084 1004
3 1004 1084 1085
3 1004 1085 1005
3 1005 1085 1086
3 1005 1086 1006
3 1006 1086 1087
3 1006 1087 1007
3 1007 1087 1008
3 1087 1088 1008
3 1008 1088 1009
3 1088 1089 1009
3 1009 1089 1010
3 1089 1090 1010
3 1010 1090 1011
3 1090 1091 1011
3 1011 1091 1092
3 1011 1092 1012
3 1012 1092 1093
3 1012 1093 1013
3 1013 1093 1094
3 1013 1094 1014
3 1014 1094 1015
3 1094 1095 1015
3 1015 1095 1016
3 1095 1096 1016
3 1016 1096 1017
3 1096 1097 1017
3 1017 1097 1018
3 1097 1098 1018
3 1018 1098 1019
3 1098 1099 1019
3 1019 1099 1100
3 1019 1100 1020
3 1020 1100 1101
3 1020 1101 1021
3 1021 1101 1102
3 1021 1102 1022
3 1022 1102 1103
3 1022 1103 1023
3 1023 1103 1104
3 1023 1104 1024
3 1024 1104 1105
3 1024 1105 1025
3 1025 1105 1106
3 1025 1106 1026
3 1026 1106 1107
3 1026 1107 1027
3 1027 1107 1108
3 1027 1108 1028
3 1028 1108 1109
3 1028 1109 1029
3 1029 1109 1110
3 1029 1110 1030
3 1030 1110 1111
3 1030 1111 1031
3 1031 1111 1032
3 1111 1112 1032
3 1032 1112 1033
3 1112 1113 1033
3 1033 1113 1034
3 1113 1114 1034
3 1034 1114 1035
3 1114 1115 1035
3 1035 1115 1116
3 1035 1116 1036
3 1036 1116 1117
3 1036 1117 1037
3 1037 1117 1118
3 1037 1118 1038
3 1038 1118 1119
3 1038 1119 1039
3 1039 1119 1120
3 1039 1120 1040
3 1040 1120 1041
3 1040 1041 961
3 1041 1121 1042
3 1121 1122 1042
3 1042 1122 1123
3 1042 1123 1043
3 1043 1123 1124
3 1043 1124 1044
3 1044 1124 1125
3 1044 1125 1045
3 1045 1125 1046
3 1125 1126 1046
3 1046 1126 1047
3 1126 1127 1047
3 1047 1127 1048
3 1127 1128 1048
3 1048 1128 1129
3 1048 1129 1049
3 1049 1129 1130
3 1049 1130 1050
3 1050 1130 1131
3 1050 1131 1051
3 1051 1131 1132
3 1051 1132 1052
3 1052 1132 1133
3 1052 1133 1053
3 1053 1133 1054
3 1133 1134 1054
3 1054 1134 1135
3 1054 1135 1055
3 1055 1135 1136
3 1055 1136 1056
3 1056 1136 1137
3 1056 1137 1057
3 1057 1137 1138
3 1057 1138 1058
3 1058 1138 1059
3 1138 1139 1059
3 1059 1139 1140
3 1059 1140 1060
3 1060 1140 1061
3 1140 1141 1061
3 1061 1141 1062
3 1141 1142 1062
3 1062 1142 1063
3 1142 1143 1063
3 1063 1143 1144
3 1063 1144 1064
3 1064 1144 1065
3 1144 1145 1065
3 1065 1145 1146
3 1065 1146 1066
3 1066 1146 1067
3 1146 1147 1067
3 1067 1147 1068
3 1147 1148 1068
3 1068 1148 1069
3 1148 1149 1069
3 1069 1149 1070
3 1149 1150 1070
3 1070 1150 1071
3 1150 1151 1071
3 1071 1151 1072
3 1151 1152 1072
3 1072 1152 1073
3 1152 1153 1073
3 1073 1153 1074
3 1153 1154 1074
3 1074 1154 1075
3 1154 1155 1075
3 1075 1155 1156
3 1075 1156 1076
3 1076 1156 1157
3 1076 1157 1077
3 1077 1157 1158
3 1077 1158 1078
3 1078 1158 1079
3 1158 1159 1079
3 1079 1159 1080
3 1159 1160 1080
3 1080 1160 1081
3 1160 1161 1081
3 1081 1161 1162
3 1081 1162 1082
3 1082 1162 1163
3 1082 1163 1083
3 1083 1163 1084
3 1163 1164 1084
3 1084 1164 1165
3 1084 1165 1085
3 1085 1165 1166
3 1085 1166 1086
3 1086 1166 1087
3 1166 1167 1087
3 1087 1167 1088
3 1167 1168 1088
3 1088 1168 1089
3 1168 1169 1089
3 1089 1169 1090
3 1169 1170 1090
3 1090 1170 1091
3 1170 1171 1091
3 1091 1171 1172
3 1091 1172 1092
3 1092 1172 1173
3 1092 1173 1093
3 1093 1173 1174
3 1093 1174 1094
3 1094 1174 1175
3 1094 1175 1095
3 1095 1175 1096
3 1175 1176 1096
3 1096 1176 1097
3 1176 1177 1097
3 1097 1177 1178
3 1097 1178 1098
3 1098 1178 1099
3 1178 1179 1099
3 1099 1179 1180
3 1099 1180 1100
3 1100 1180 1181
3 1100 1181 1101
3 1101 1181 1182
3 1101 1182 1102
3 1102 1182 1183
3 1102 1183 1103
3 1103 1183 1184
3 1103 1184 1104
3 1104 1184 1185
3 1104 1185 1105
3 1105 1185 1186
3 1105 1186 1106
3 1106 1186 1187
3 1106 1187 1107
3 1107 1187 1188
3 1107 1188 1108
3 1108 1188 1189
3 1108 1189 1109
3 1109 1189 1190
3 1109 1190 1110
3 1110 1190 1191
3 1110 1191 1111
3 1111 1191 1112
3 1191 1192 1112
3 1112 1192 1113
3 1192 1193 1113
3 1113 1193 1114
3 1193 1194 1114
3 1114 1194 1115
3 1194 1195 1115
3 1115 1195 1196
3 1115 1196 1116
3 1116 1196 1197
3 1116 1197 1117
3 1117 1197 1198
3 1117 1198 1118
3 1118 1198 1199
3 1118 1199 1119
3 1119 1199 1200
3 1119 1200 1120
3 1120 1200 1121
3 1120 1121 1041
3 1121 1201 1122
3 1201 1202 1122
3 1122 1202 1203
3 1122 1203 1123
3 1123 1203 1124
3 1203 1204 1124
3 1124 1204 1125
3 1204 1205 1125
3 1125 1205 1206
3 1125 1206 1126
3 1126 1206 1127
3 1206 1207 1127
3 1127 1207 1128
3 1207 1208 1128
3 1128 1208 1129
3 1208 1209 1129
3 1129 1209 1210
3 1129 1210 1130
3 1130 1210 1211
3 1130 1211 1131
3 1131 1211 1212
3 1131 1212 1132
3 1132 1212 1213
3 1132 1213 1133
3 1133 1213 1214
3 1133 1214 1134
3 1134 1214 1215
3 1134 1215 1135
3 1135 1215 1216
3 1135 1216 1136
3 1136 1216 1217
3 1136 1217 1137
3 1137 1217 1218
3 1137 1218 1138
3 1138 1218 1139
3 1218 1219 1139
3 1139 1219 1220
3 1139 1220 1140
3 1140 1220 1141
3 1220 1221 1141
3 1141 1221 1142
3 1221 1222 1142
3 1142 1222 1143
3 1222 1223 1143
3 1143 1223 1224
3 1143 1224 1144
3 1144 1224 1145
3 1224 1225 1145
3 1145 1225 1226
3 1145 1226 1146
3 1146 1226 1147
3 1226 1227 1147
3 1147 1227 1148
3 1227 1228 1148
3 1148 1228 1229
3 1148 1229 1149
3 1149 1229 1150
3 1229 1230 1150
3 1150 1230 1151
3 1230 1231 1151
3 1151 1231 1152
3 1231 1232 1152
3 1152 1232 1153
3 1232 1233 1153
3 1153 1233 1154
3 1233 1234 1154
3 1154 1234 1155
3 1234 1235 1155
3 1155 1235 1156
3 1235 1236 1156
3 1156 1236 1157
3 1236 1237 1157
3 1157 1237 1158
3 1237 1238 1158
3 1158 1238 1159
3 1238 1239 1159
3 1159 1239 1160
3 1239 1240 1160
3 1160 1240 1161
3 1240 1241 1161
3 1161 1241 1162
3 1241 1242 1162
3 1162 1242 1163
3 1242 1243 1163
3 1163 1243 1164
3 1243 1244 1164
3 1164 1244 1165
3 1244 1245 1165
3 1165 1245 1166
3 1245 1246 1166
3 1166 1246 1167
3 1246 1247 1167
3 1167 1247 1248
3 1167 1248 1168
3 1168 1248 1249
3 1168 1249 1169
3 1169 1249 1170
3 1249 1250 1170
3 1170 1250 1251
3 1170 1251 1171
3 1171 1251 1172
3 1251 1252 1172
3 1172 1252 1173
3 1252 1253 1173
3 1173 1253 1174
3 1253 1254 1174
3 1174 1254 1175
3 1254 1255 1175
3 1175 1255 1256
3 1175 1256 1176
3 1176 1256 1257
3 1176 1257 1177
3 1177 1257 1178
3 1257 1258 1178
3 1178 1258 1259
3 1178 1259 1179
3 1179 1259 1180
3 1259 1260 1180
3 1180 1260 1261
3 1180 1261 1181
3 1181 1261 1262
3 1181 1262 1182
3 1182 1262 1263
3 1182 1263 1183
3 1183 1263 1264
3 1183 1264 1184
3 1184 1264 1265
3 1184 1265 1185
3 1185 1265 1266
3 1185 1266 1186
3 1186 1266 1267
3 1186 1267 1187
3 1187 1267 1268
3 1187 1268 1188
3 1188 1268 1269
3 1188 1269 1189
3 1189 1269 1270
3 1189 1270 1190
3 1190 1270 1271
3 1190 1271 1191
3 1191 1271 1192
3 1271 1272 1192
3 1192 1272 1273
3 1192 1273 1193
3 1193 1273 1194
3 1273 1274 1194
3 1194 1274 1195
3 1274 1275 1195
3 1195 1275 1196
3 1275 1276 1196
3 1196 1276 1197
3 1276 1277 1197
3 1197 1277 1198
3 1277 1278 1198
3 1198 1278 1199
3 1278 1279 1199
3 1199 1279 1200
3 1279 1280 1200
3 1200 1280 1121
3 1280 1201 1121
3 1201 1281 1202
3 1281 1282 1202
3 1202 1282 1203
3 1282 1283 1203
3 1203 1283 1204
3 1283 1284 1204
3 1204 1284 1205
3 1284 1285 1205
3 1205 1285 1206
3 1285 1286 1206
3 1206 1286 1207
3 1286 1287 1207
3 1207 1287 1208
3 1287 1288 1208
3 1208 1288 1209
3 1288 1289 1209
3 1209 1289 1290
3 1209 1290 1210
3 1210 1290 1291
3 1210 1291 1211
3 1211 1291 1292
3 1211 1292 1212
3 1212 1292 1293
3 1212 1293 1213
3 1213 1293 1294
3 1213 1294 1214
3 1214 1294 1295
3 1214 1295 1215
3 1215 1295 1296
3 1215 1296 1216
3 1216 1296 1297
3 1216 1297 1217
3 1217 1297 1298
3 1217 1298 1218
3 1218 1298 1219
3 1298 1299 1219
3 1219 1299 1300
3 1219 1300 1220
3 1220 1300 1301
3 1220 1301 1221
3 1221 1301 1222
3 1301 1302 1222
3 1222 1302 1223
3 1302 1303 1223
3 1223 1303 1304
3 1223 1304 1224
3 1224 1304 1225
3 1304 1305 1225
3 1225 1305 1306
3 1225 1306 1226
3 1226 1306 1227
3 1306 1307 1227
3 1227 1307 1308
3 1227 1308 1228
3 1228 1308 1309
3 1228 1309 1229
3 1229 1309 1230
3 1309 1310 1230
3 1230 1310 1231
3 1310 1311 1231
3 1231 1311 1232
3 1311 1312 1232
3 1232 1312 1233
3 1312 1313 1233
3 1233 1313 1234
3 1313 1314 1234
3 1234 1314 1235
3 1314 1315 1235
3 1235 1315 1236
3 1315 1316 1236
3 1236 1316 1237
3 1316 1317 1237
3 1237 1317 1238
3 1317 1318 1238
3 1238 1318 1239
3 1318 1319 1239
3 1239 1319 1240
3 1319 1320 1240
3 1240 1320 1241
3 1320 1321 1241
3 1241 1321 1242
3 1321 1322 1242
3 1242 1322 1243
3 1322 1323 1243
3 1243 1323 1244
3 1323 1324 1244
3 1244 1324 1245
3 1324 1325 1245
3 1245 1325 1246
3 1325 1326 1246
3 1246 1326 1247
3 1326 1327 1247
3 1247 1327 1328
3 1247 1328 1248
3 1248 1328 1329
3 1248 1329 1249
3 1249 1329 1330
3 1249 1330 1250
3 1250 1330 1331
3 1250 1331 1251
3 1251 1331 1252
3 1331 1332 1252
3 1252 1332 1253
3 1332 1333 1253
3 1253 1333 1254
3 1333 1334 1254
3 1254 1334 1255
3 1334 1335 1255
3 1255 1335 1336
3 1255 1336 1256
3 1256 1336 1337
3 1256 1337 1257
3 1257 1337 1258
3 1337 1338 1258
3 1258 1338 1259
3 1338 1339 1259
3 1259 1339 1260
3 1339 1340 1260
3 1260 1340 1341
3 1260 1341 1261
3 1261 1341 1342
3 1261 1342 1262
3 1262 1342 1343
3 1262 1343 1263
3 1263 1343 1344
3 1263 1344 1264
3 1264 1344 1345
3 1264 1345 1265
3 1265 1345 1346
3 1265 1346 1266
3 1266 1346 1347
3 1266 1347 1267
3 1267 1347 1348
3 1267 1348 1268
3 1268 1348 1349
3 1268 1349 1269
3 1269 1349 1350
3 1269 1350 1270
3 1270 1350 1351
3 1270 1351 1271
3 1271 1351 1352
3 1271 1352 1272
3 1272 1352 1353
3 1272 1353 1273
3 1273 1353 1274
3 1353 1354 1274
3 1274 1354 1275
3 1354 1355 1275
3 1275 1355 1276
3 1355 1356 1276
3 1276 1356 1277
3 1356 1357 1277
3 1277 1357 1278
3 1357 1358 1278
3 1278 1358 1279
3 1358 1359 1279
3 1279 1359 1280
3 1359 1360 1280
3 1280 1360 1201
3 1360 1281 1201
3 1281 1361 1282
3 1361 1362 1282
3 1282 1362 1363
3 1282 1363 1283
3 1283 1363 1284
3 1363 1364 1284
3 1284 1364 1285
3 1364 1365 1285
3 1285 1365 1286
3 1365 1366 1286
3 1286 1366 1287
3 1366 1367 1287
3 1287 1367 1288
3 1367 1368 1288
3 1288 1368 1289
3 1368 1369 1289
3 1289 1369 1290
3 1369 1370 1290
3 1290 1370 1371
3 1290 1371 1291
3 1291 1371 1372
3 1291 1372 1292
3 1292 1372 1373
3 1292 1373 1293
3 1293 1373 1374
3 1293 1374 1294
3 1294 1374 1375
3 1294 1375 1295
3 1295 1375 1376
3 1295 1376 1296
3 1296 1376 1377
3 1296 1377 1297
3 1297 1377 1378
3 1297 1378 1298
3 1298 1378 1299
3 1378 1379 1299
3 1299 1379 1380
3 1299 1380 1300
3 1300 1380 1301
3 1380 1381 1301
3 1301 1381 1302
3 1381 1382 1302
3 1302 1382 1303
3 1382 1383 1303
3 1303 1383 1304
3 1383 1384 1304
3 1304 1384 1305
3 1384 1385 1305
3 1305 1385 1386
3 1305 1386 1306
3 1306 1386 1307
3 1386 1387 1307
3 1307 1387 1308
3 1387 1388 1308
3 1308 1388 1389
3 1308 1389 1309
3 1309 1389 1310
3 1389 1390 1310
3 1310 1390 1311
3 1390 1391 1311
3 1311 1391 1312
3 1391 1392 1312
3 1312 1392 1313
3 1392 1393 1313
3 1313 1393 1314
3 1393 1394 1314
3 1314 1394 1315
3 1394 1395 1315
3 1315 1395 1316
3 1395 1396 1316
3 1316 1396 1317
3 1396 1397 1317
3 1317 1397 1318
3 1397 1398 1318
3 1318 1398 1319
3 1398 1399 1319
3 1319 1399 1320
3 1399 1400 1320
3 1320 1400 1321
3 1400 1401 1321
3 1321 1401 1322
3 1401 1402 1322
3 1322 1402 1323
3 1402 1403 1323
3 1323 1403 1324
3 1403 1404 1324
3 1324 1404 1325
3 1404 1405 1325
3 1325 1405 1326
3 1405 1406 1326
3 1326 1406 1327
3 1406 1407 1327
3 1327 1407 1328
3 1407 1408 1328
3 1328 1408 1409
3 1328 1409 1329
3 1329 1409 1410
3 1329 1410 1330
3 1330 1410 1331
3 1410 1411 1331
3 1331 1411 1332
3 1411 1412 1332
3 1332 1412 1333
3 1412 1413 1333
3 1333 1413 1334
3 1413 1414 1334
3 1334 1414 1335
3 1414 1415 1335
3 1335 1415 1336
3 1415 1416 1336
3 1336 1416 1417
3 1336 1417 1337
3 1337 1417 1338
3 1417 1418 1338
3 1338 1418 1339
3 1418 1419 1339
3 1339 1419 1340
3 1419 1420 1340
3 1340 1420 1421
3 1340 1421 1341
3 1341 1421 1422
3 1341 1422 1342
3 1342 1422 1343
3 1422 1423 1343
3 1343 1423 1424
3 1343 1424 1344
3 1344 1424 1425
3 1344 1425 1345
3 1345 1425 1426
3 1345 1426 1346
3 1346 1426 1427
3 1346 1427 1347
3 1347 1427 1428
3 1347 1428 1348
3 1348 1428 1429
3 1348 1429 1349
3 1349 1429 1430
3 1349 1430 1350
3 1350 1430 1431
3 1350 1431 1351
3 1351 1431 1432
3 1351 1432 1352
3 1352 1432 1433
3 1352 1433 1353
3 1353 1433 1354
3 1433 1434 1354
3 1354 1434 1355
3 1434 1435 1355
3 1355 1435 1356
3 1435 1436 1356
3 1356 1436 1357
3 1436 1437 1357
3 1357 1437 1358
3 1437 1438 1358
3 1358 1438 1359
3 1438 1439 1359
3 1359 1439 1360
3 1439 1440 1360
3 1360 1440 1281
3 1440 1361 1281
3 1361 1441 1362
3 1441 1442 1362
3 1362 1442 1443
3 1362 1443 1363
3 1363 1443 1364
3 1443 1444 1364
3 1364 1444 1365
3 1444 1445 1365
3 1365 1445 1446
3 1365 1446 1366
3 1366 1446 1447
3 1366 1447 1367
3 1367 1447 1448
3 1367 1448 1368
3 1368 1448 1449
3 1368 1449 1369
3 1369 1449 1370
3 1449 1450 1370
3 1370 1450 1371
3 1450 1451 1371
3 1371 1451 1452
3 1371 1452 1372
3 1372 1452 1373
3 1452 1453 1373
3 1373 1453 1454
3 1373 1454 1374
3 1374 1454 1455
3 1374 1455 1375
3 1375 1455 1456
3 1375 1456 1376
3 1376 1456 1457
3 1376 1457 1377
3 1377 1457 1378
3 1457 1458 1378
3 1378 1458 1459
3 1378 1459 1379
3 1379 1459 1460
3 1379 1460 1380
3 1380 1460 1381
3 1460 1461 1381
3 1381 1461 1462
3 1381 1462 1382
3 1382 1462 1383
3 1462 1463 1383
3 1383 1463 1384
3 1463 1464 1384
3 1384 1464 1385
3 1464 1465 1385
3 1385 1465 1466
3 1385 1466 1386
3 1386 1466 1467
3 1386 1467 1387
3 1387 1467 1388
3 1467 1468 1388
3 1388 1468 1469
3 1388 1469 1389
3 1389 1469 1390
3 1469 1470 1390
3 1390 1470 1391
3 1470 1471 1391
3 1391 1471 1392
3 1471 1472 1392
3 1392 1472 1393
3 1472 1473 1393
3 1393 1473 1474
3 1393 1474 1394
3 1394 1474 1475
3 1394 1475 1395
3 1395 1475 1396
3 1475 1476 1396
3 1396 1476 1397
3 1476 1477 1397
3 1397 1477 1398
3 1477 1478 1398
3 1398 1478 1399
3 1478 1479 1399
3 1399 1479 1400
3 1479 1480 1400
3 1400 1480 1401
3 1480 1481 1401
3 1401 1481 1402
3 1481 1482 1402
3 1402 1482 1403
3 1482 1483 1403
3 1403 1483 1404
3 1483 1484 1404
3 1404 1484 1405
3 1484 1485 1405
3 1405 1485 1406
3 1485 1486 1406
3 1406 1486 1407
3 1486 1487 1407
3 1407 1487 1408
3 1487 1488 1408
3 1408 1488 1409
3 1488 1489 1409
3 1409 1489 1410
3 1489 1490 1410
3 1410 1490 1411
3 1490 1491 1411
3 1411 1491 1412
3 1491 1492 1412
3 1412 1492 1413
3 1492 1493 1413
3 1413 1493 1414
3 1493 1494 1414
3 1414 1494 1415
3 1494 1495 1415
3 1415 1495 1496
3 1415 1496 1416
3 1416 1496 1417
3 1496 1497 1417
3 1417 1497 1418
3 1497 1498 1418
3 1418 1498 1419
3 1498 1499 1419
3 1419 1499 1420
3 1499 1500 1420
3 1420 1500 1421
3 1500 1501 1421
3 1421 1501 1502
3 1421 1502 1422
3 1422 1502 1423
3 1502 1503 1423
3 1423 1503 1504
3 1423 1504 1424
3 1424 1504 1505
3 1424 1505 1425
3 1425 1505 1506
3 1425 1506 1426
3 1426 1506 1507
3 1426 1507 1427
3 1427 1507 1508
3 1427 1508 1428
3 1428 1508 1509
3 1428 1509 1429
3 1429 1509 1510
3 1429 1510 1430
3 1430 1510 1511
3 1430 1511 1431
3 1431 1511 1512
3 1431 1512 1432
3 1432 1512 1513
3 1432 1513 1433
3 1433 1513 1434
3 1513 1514 1434
3 1434 1514 1435
3 1514 1515 1435
3 1435 1515 1436
3 1515 1516 1436
3 1436 1516 1437
3 1516 1517 1437
3 1437 1517 1438
3 1517 1518 1438
3 1438 1518 1439
3 1518 1519 1439
3 1439 1519 1440
3 1519 1520 1440
3 1440 1520 1361
3 1520 1441 1361
3 1441 1521 1442
3 1521 1522 1442
3 1442 1522 1443
3 1522 1523 1443
3 1443 1523 1444
3 1523 1524 1444
3 1444 1524 1445
3 1524 1525 1445
3 1445 1525 1526
3 1445 1526 1446
3 1446 1526 1527
3 1446 1527 1447
3 1447 1527 1448
3 1527 1528 1448
3 1448 1528 1529
3 1448 1529 1449
3 1449 1529 1530
3 1449 1530 1450
3 1450 1530 1451
3 1530 1531 1451
3 1451 1531 1532
3 1451 1532 1452
3 1452 1532 1453
3 1532 1533 1453
3 1453 1533 1534
3 1453 1534 1454
3 1454 1534 1535
3 1454 1535 1455
3 1455 1535 1536
3 1455 1536 1456
3 1456 1536 1537
3 1456 1537 1457
3 1457 1537 1538
3 1457 1538 1458
3 1458 1538 1539
3 1458 1539 1459
3 1459 1539 1540
3 1459 1540 1460
3 1460 1540 1461
3 1540 1541 1461
3 1461 1541 1542
3 1461 1542 1462
3 1462 1542 1463
3 1542 1543 1463
3 1463 1543 1544
3 1463 1544 1464
3 1464 1544 1465
3 1544 1545 1465
3 1465 1545 1546
3 1465 1546 1466
3 1466 1546 1467
3 1546 1547 1467
3 1467 1547 1468
3 1547 1548 1468
3 1468 1548 1549
3 1468 1549 1469
3 1469 1549 1470
3 1549 1550 1470
3 1470 1550 1471
3 1550 1551 1471
3 1471 1551 1472
3 1551 1552 1472
3 1472 1552 1473
3 1552 1553 1473
3 1473 1553 1474
3 1553 1554 1474
3 1474 1554 1555
3 1474 1555 1475
3 1475 1555 1476
3 1555 1556 1476
3 1476 1556 1477
3 1556 1557 1477
3 1477 1557 1478
3 1557 1558 1478
3 1478 1558 1479
3 1558 1559 1479
3 1479 1559 1480
3 1559 1560 1480
3 1480 1560 1481
3 1560 1561 1481
3 1481 1561 1482
3 1561 1562 1482
3 1482 1562 1483
3 1562 1563 1483
3 1483 1563 1484
3 1563 1564 1484
3 1484 1564 1485
3 1564 1565 1485
3 1485 1565 1486
3 1565 1566 1486
3 1486 1566 1487
3 1566 1567 1487
3 1487 1567 1488
3 1567 1568 1488
3 1488 1568 1489
3 1568 1569 1489
3 1489 1569 1490
3 1569 1570 1490
3 1490 1570 1491
3 1570 1571 1491
3 1491 1571 1492
3 1571 1572 1492
3 1492 1572 1493
3 1572 1573 1493
3 1493 1573 1494
3 1573 1574 1494
3 1494 1574 1495
3 1574 1575 1495
3 1495 1575 1496
3 1575 1576 1496
3 1496 1576 1577
3 1496 1577 1497
3 1497 1577 1498
3 1577 1578 1498
3 1498 1578 1499
3 1578 1579 1499
3 1499 1579 1580
3 1499 1580 1500
3 1500 1580 1501
3 1580 1581 1501
3 1501 1581 1582
3 1501 1582 1502
3 1502 1582 1503
3 1582 1583 1503
3 1503 1583 1584
3 1503 1584 1504
3 1504 1584 1585
3 1504 1585 1505
3 1505 1585 1586
3 1505 1586 1506
3 1506 1586 1587
3 1506 1587 1507
3 1507 1587 1588
3 1507 1588 1508
3 1508 1588 1589
3 1508 1589 1509
3 1509 1589 1590
3 1509 1590 1510
3 1510 1590 1591
3 1510 1591 1511
3 1511 1591 1592
3 1511 1592 1512
3 1512 1592 1593
3 1512 1593 1513
3 1513 1593 1514
3 1593 1594 1514
3 1514 1594 1515
3 1594 1595 1515
3 1515 1595 1516
3 1595 1596 1516
3 1516 1596 1517
3 1596 1597 1517
3 1517 1597 1518
3 1597 1598 1518
3 1518 1598 1519
3 1598 1599 1519
3 1519 1599 1520
3 1599 1600 1520
3 1520 1600 1441
3 1600 1521 1441
3 1521 1601 1522
3 1601 1602 1522
3 1522 1602 1603
3 1522 1603 1523
3 1523 1603 1524
3 1603 1604 1524
3 1524 1604 1525
3 1604 1605 1525
3 1525 1605 1606
3 1525 1606 1526
3 1526 1606 1607
3 1526 1607 1527
3 1527 1607 1528
3 1607 1608 1528
3 1528 1608 1529
3 1608 1609 1529
3 1529 1609 1610
3 1529 1610 1530
3 1530 1610 1531
3 1610 1611 1531
3 1531 1611 1612
3 1531 1612 1532
3 1532 1612 1533
3 1612 1613 1533
3 1533 1613 1614
3 1533 1614 1534
3 1534 1614 1615
3 1534 1615 1535
3 1535 1615 1616
3 1535 1616 1536
3 1536 1616 1617
3 1536 1617 1537
3 1537 1617 1618
3 1537 1618 1538
3 1538 1618 1619
3 1538 1619 1539
3 1539 1619 1620
3 1539 1620 1540
3 1540 1620 1541
3 1620 1621 1541
3 1541 1621 1542
3 1621 1622 1542
3 1542 1622 1543
3 1622 1623 1543
3 1543 1623 1544
3 1623 1624 1544
3 1544 1624 1625
3 1544 1625 1545
3 1545 1625 1626
3 1545 1626 1546
3 1546 1626 1547
3 1626 1627 1547
3 1547 1627 1548
3 1627 1628 1548
3 1548 1628 1629
3 1548 1629 1549
3 1549 1629 1550
3 1629 1630 1550
3 1550 1630 1551
3 1630 1631 1551
3 1551 1631 1552
3 1631 1632 1552
3 1552 1632 1553
3 1632 1633 1553
3 1553 1633 1554
3 1633 1634 1554
3 1554 1634 1635
3 1554 1635 1555
3 1555 1635 1636
3 1555 1636 1556
3 1556 1636 1557
3 1636 1637 1557
3 1557 1637 1638
3 1557 1638 1558
3 1558 1638 1559
3 1638 1639 1559
3 1559 1639 1560
3 1639 1640 1560
3 1560 1640 1561
3 1640 1641 1561
3 1561 1641 1562
3 1641 1642 1562
3 1562 1642 1563
3 1642 1643 1563
3 1563 1643 1564
3 1643 1644 1564
3 1564 1644 1565
3 1644 1645 1565
3 1565 1645 1566
3 1645 1646 1566
3 1566 1646 1567
3 1646 1647 1567
3 1567 1647 1568
3 1647 1648 1568
3 1568 1648 1569
3 1648 1649 1569
3 1569 1649 1650
3 1569 1650 1570
3 1570 1650 1571
3 1650 1651 1571
3 1571 1651 1572
3 1651 1652 1572
3 1572 1652 1573
3 1652 1653 1573
3 1573 1653 1574
3 1653 1654 1574
3 1574 1654 1575
3 1654 1655 1575
3 1575 1655 1576
3 1655 1656 1576
3 1576 1656 1577
3 1656 1657 1577
3 1577 1657 1578
3 1657 1658 1578
3 1578 1658 1579
3 1658 1659 1579
3 1579 1659 1580
3 1659 1660 1580
3 1580 1660 1661
3 1580 1661 1581
3 1581 1661 1582
3 1661 1662 1582
3 1582 1662 1583
3 1662 1663 1583
3 1583 1663 1664
3 1583 1664 1584
3 1584 1664 1665
3 1584 1665 1585
3 1585 1665 1666
3 1585 1666 1586
3 1586 1666 1667
3 1586 1667 1587
3 1587 1667 1668
3 1587 1668 1588
3 1588 1668 1669
3 1588 1669 1589
3 1589 1669 1670
3 1589 1670 1590
3 1590 1670 1671
3 1590 1671 1591
3 1591 1671 1672
3 1591 1672 1592
3 1592 1672 1673
3 1592 1673 1593
3 1593 1673 1594
3 1673 1674 1594
3 1594 1674 1595
3 1674 1675 1595
3 1595 1675 1596
3 1675 1676 1596
3 1596 1676 1597
3 1676 1677 1597
3 1597 1677 1598
3 1677 1678 1598
3 1598 1678 1599
3 1678 1679 1599
3 1599 1679 1680
3 1599 1680 1600
3 1600 1680 1521
3 1680 1601 1521
3 1601 1681 1602
3 1681 1682 1602
3 1602 1682 1683
3 1602 1683 1603
3 1603 1683 1604
3 1683 1684 1604
3 1604 1684 1605
3 1684 1685 1605
3 1605 1685 1686
3 1605 1686 1606
3 1606 1686 1687
3 1606 1687 1607
3 1607 1687 1688
3 1607 1688 1608
3 1608 1688 1689
3 1608 1689 1609
3 1609 1689 1690
3 1609 1690 1610
3 1610 1690 1691
3 1610 1691 1611
3 1611 1691 1692
3 1611 1692 1612
3 1612 1692 1693
3 1612 1693 1613
3 1613 1693 1614
3 1693 1694 1614
3 1614 1694 1695
3 1614 1695 1615
3 1615 1695 1696
3 1615 1696 1616
3 1616 1696 1617
3 1696 1697 1617
3 1617 1697 1698
3 1617 1698 1618
3 1618 1698 1699
3 1618 1699 1619
3 1619 1699 1700
3 1619 1700 1620
3 1620 1700 1701
3 1620 1701 1621
3 1621 1701 1702
3 1621 1702 1622
3 1622 1702 1623
3 1702 1703 1623
3 1623 1703 1624
3 1703 1704 1624
3 1624 1704 1625
3 1704 1705 1625
3 1625 1705 1706
3 1625 1706 1626
3 1626 1706 1707
3 1626 1707 1627
3 1627 1707 1628
3 1707 1708 1628
3 1628 1708 1709
3 1628 1709 1629
3 1629 1709 1630
3 1709 1710 1630
3 1630 1710 1631
3 1710 1711 1631
3 1631 1711 1632
3 1711 1712 1632
3 1632 1712 1633
3 1712 1713 1633
3 1633 1713 1714
3 1633 1714 1634
3 1634 1714 1715
3 1634 1715 1635
3 1635 1715 1636
3 1715 1716 1636
3 1636 1716 1717
3 1636 1717 1637
3 1637 1717 1638
3 1717 1718 1638
3 1638 1718 1719
3 1638 1719 1639
3 1639 1719 1640
3 1719 1720 1640
3 1640 1720 1641
3 1720 1721 1641
3 1641 1721 1642
3 1721 1722 1642
3 1642 1722 1643
3 1722 1723 1643
3 1643 1723 1644
3 1723 1724 1644
3 1644 1724 1645
3 1724 1725 1645
3 1645 1725 1646
3 1725 1726 1646
3 1646 1726 1647
3 1726 1727 1647
3 1647 1727 1648
3 1727 1728 1648
3 1648 1728 1649
3 1728 1729 1649
3 1649 1729 1730
3 1649 1730 1650
3 1650 1730 1651
3 1730 1731 1651
3 1651 1731 1652
3 1731 1732 1652
3 1652 1732 1653
3 1732 1733 1653
3 1653 1733 1654
3 1733 1734 1654
3 1654 1734 1655
3 1734 1735 1655
3 1655 1735 1736
3 1655 1736 1656
3 1656 1736 1737
3 1656 1737 1657
3 1657 1737 1658
3 1737 1738 1658
3 1658 1738 1659
3 1738 1739 1659
3 1659 1739 1660
3 1739 1740 1660
3 1660 1740 1741
3 1660 1741 1661
3 1661 1741 1662
3 1741 1742 1662
3 1662 1742 1743
3 1662 1743 1663
3 1663 1743 1744
3 1663 1744 1664
3 1664 1744 1745
3 1664 1745 1665
3 1665 1745 1666
3 1745 1746 1666
3 1666 1746 1667
3 1746 1747 1667
3 1667 1747 1748
3 1667 1748 1668
3 1668 1748 1749
3 1668 1749 1669
3 1669 1749 1750
3 1669 1750 1670
3 1670 1750 1751
3 1670 1751 1671
3 1671 1751 1752
3 1671 1752 1672
3 1672 1752 1753
3 1672 1753 1673
3 1673 1753 1674
3 1753 1754 1674
3 1674 1754 1675
3 1754 1755 1675
3 1675 1755 1676
3 1755 1756 1676
3 1676 1756 1677
3 1756 1757 1677
3 1677 1757 1678
3 1757 1758 1678
3 1678 1758 1679
3 1758 1759 1679
3 1679 1759 1680
3 1759 1760 1680
3 1680 1760 1601
3 1760 1681 1601
3 1681 1761 1682
3 1761 1762 1682
3 1682 1762 1763
3 1682 1763 1683
3 1683 1763 1684
3 1763 1764 1684
3 1684 1764 1685
3 1764 1765 1685
3 1685 1765 1766
3 1685 1766 1686
3 1686 1766 1767
3 1686 1767 1687
3 1687 1767 1688
3 1767 1768 1688
3 1688 1768 1769
3 1688 1769 1689
3 1689 1769 1770
3 1689 1770 1690
3 1690 1770 1771
3 1690 1771 1691
3 1691 1771 1772
3 1691 1772 1692
3 1692 1772 1773
3 1692 1773 1693
3 1693 1773 1694
3 1773 1774 1694
3 1694 1774 1695
3 1774 1775 1695
3 1695 1775 1696
3 1775 1776 1696
3 1696 1776 1697
3 1776 1777 1697
3 1697 1777 1778
3 1697 1778 1698
3 1698 1778 1779
3 1698 1779 1699
3 1699 1779 1780
3 1699 1780 1700
3 1700 1780 1781
3 1700 1781 1701
3 1701 1781 1702
3 1781 1782 1702
3 1702 1782 1703
3 1782 1783 1703
3 1703 1783 1784
3 1703 1784 1704
3 1704 1784 1705
3 1784 1785 1705
3 1705 1785 1786
3 1705 1786 1706
3 1706 1786 1787
3 1706 1787 1707
3 1707 1787 1708
3 1787 1788 1708
3 1708 1788 1709
3 1788 1789 1709
3 1709 1789 1710
3 1789 1790 1710
3 1710 1790 1711
3 1790 1791 1711
3 1711 1791 1712
3 1791 1792 1712
3 1712 1792 1713
3 1792 1793 1713
3 1713 1793 1714
3 1793 1794 1714
3 1714 1794 1795
3 1714 1795 1715
3 1715 1795 1716
3 1795 1796 1716
3 1716 1796 1717
3 1796 1797 1717
3 1717 1797 1718
3 1797 1798 1718
3 1718 1798 1719
3 1798 1799 1719
3 1719 1799 1720
3 1799 1800 1720
3 1720 1800 1721
3 1800 1801 1721
3 1721 1801 1722
3 1801 1802 1722
3 1722 1802 1723
3 1802 1803 1723
3 1723 1803 1724
3 1803 1804 1724
3 1724 1804 1725
3 1804 1805 1725
3 1725 1805 1726
3 1805 1806 1726
3 1726 1806 1727
3 1806 1807 1727
3 1727 1807 1728
3 1807 1808 1728
3 1728 1808 1729
3 1808 1809 1729
3 1729 1809 1730
3 1809 1810 1730
3 1730 1810 1731
3 1810 1811 1731
3 1731 1811 1732
3 1811 1812 1732
3 1732 1812 1733
3 1812 1813 1733
3 1733 1813 1734
3 1813 1814 1734
3 1734 1814 1735
3 1814 1815 1735
3 1735 1815 1736
3 1815 1816 1736
3 1736 1816 1737
3 1816 1817 1737
3 1737 1817 1738
3 1817 1818 1738
3 1738 1818 1739
3 1818 1819 1739
3 1739 1819 1740
3 1819 1820 1740
3 1740 1820 1821
3 1740 1821 1741
3 1741 1821 1742
3 1821 1822 1742
3 1742 1822 1743
3 1822 1823 1743
3 1743 1823 1824
3 1743 1824 1744
3 1744 1824 1825
3 1744 1825 1745
3 1745 1825 1746
3 1825 1826 1746
3 1746 1826 1827
3 1746 1827 1747
3 1747 1827 1828
3 1747 1828 1748
3 1748 1828 1829
3 1748 1829 1749
3 1749 1829 1830
3 1749 1830 1750
3 1750 1830 1831
3 1750 1831 1751
3 1751 1831 1832
3 1751 1832 1752
3 1752 1832 1833
3 1752 1833 1753
3 1753 1833 1754
3 1833 1834 1754
3 1754 1834 1755
3 1834 1835 1755
3 1755 1835 1756
3 1835 1836 1756
3 1756 1836 1757
3 1836 1837 1757
3 1757 1837 1758
3 1837 1838 1758
3 1758 1838 1759
3 1838 1839 1759
3 1759 1839 1760
3 1839 1840 1760
3 1760 1840 1681
3 1840 1761 1681
3 1761 1841 1762
3 1841 1842 1762
3 1762 1842 1843
3 1762 1843 1763
3 1763 1843 1764
3 1843 1844 1764
3 1764 1844 1765
3 1844 1845 1765
3 1765 1845 1846
3 1765 1846 1766
3 1766 1846 1847
3 1766 1847 1767
3 1767 1847 1768
3 1847 1848 1768
3 1768 1848 1849
3 1768 1849 1769
3 1769 1849 1850
3 1769 1850 1770
3 1770 1850 1851
3 1770 1851 1771
3 1771 1851 1852
3 1771 1852 1772
3 1772 1852 1853
3 1772 1853 1773
3 1773 1853 1854
3 1773 1854 1774
3 1774 1854 1775
3 1854 1855 1775
3 1775 1855 1776
3 1855 1856 1776
3 1776 1856 1857
3 1776 1857 1777
3 1777 1857 1778
3 1857 1858 1778
3 1778 1858 1859
3 1778 1859 1779
3 1779 1859 1860
3 1779 1860 1780
3 1780 1860 1861
3 1780 1861 1781
3 1781 1861 1862
3 1781 1862 1782
3 1782 1862 1783
3 1862 1863 1783
3 1783 1863 1864
3 1783 1864 1784
3 1784 1864 1785
3 1864 1865 1785
3 1785 1865 1866
3 1785 1866 1786
3 1786 1866 1787
3 1866 1867 1787
3 1787 1867 1788
3 1867 1868 1788
3 1788 1868 1789
3 1868 1869 1789
3 1789 1869 1870
3 1789 1870 1790
3 1790 1870 1791
3 1870 1871 1791
3 1791 1871 1792
3 1871 1872 1792
3 1792 1872 1793
3 1872 1873 1793
3 1793 1873 1874
3 1793 1874 1794
3 1794 1874 1875
3 1794 1875 1795
3 1795 1875 1796
3 1875 1876 1796
3 1796 1876 1797
3 1876 1877 1797
3 1797 1877 1798
3 1877 1878 1798
3 1798 1878 1799
3 1878 1879 1799
3 1799 1879 1800
3 1879 1880 1800
3 1800 1880 1801
3 1880 1881 1801
3 1801 1881 1802
3 1881 1882 1802
3 1802 1882 1803
3 1882 1883 1803
3 1803 1883 1804
3 1883 1884 1804
3 1804 1884 1805
3 1884 1885 1805
3 1805 1885 1806
3 1885 1886 1806
3 1806 1886 1807
3 1886 1887 1807
3 1807 1887 1808
3 1887 1888 1808
3 1808 1888 1809
3 1888 1889 1809
3 1809 1889 1810
3 1889 1890 1810
3 1810 1890 1811
3 1890 1891 1811
3 1811 1891 1812
3 1891 1892 1812
3 1812 1892 1813
3 1892 1893 1813
3 1813 1893 1814
3 1893 1894 1814
3 1814 1894 1895
3 1814 1895 1815
3 1815 1895 1816
3 1895 1896 1816
3 1816 1896 1897
3 1816 1897 1817
3 1817 1897 1818
3 1897 1898 1818
3 1818 1898 1819
3 1898 1899 1819
3 1819 1899 1820
3 1899 1900 1820
3 1820 1900 1901
3 1820 1901 1821
3 1821 1901 1822
3 1901 1902 1822
3 1822 1902 1903
3 1822 1903 1823
3 1823 1903 1904
3 1823 1904 1824
3 1824 1904 1905
3 1824 1905 1825
3 1825 1905 1826
3 1905 1906 1826
3 1826 1906 1907
3 1826 1907 1827
3 1827 1907 1908
3 1827 1908 1828
3 1828 1908 1909
3 1828 1909 1829
3 1829 1909 1910
3 1829 1910 1830
3 1830 1910 1911
3 1830 1911 1831
3 1831 1911 1912
3 1831 1912 1832
3 1832 1912 1913
3 1832 1913 1833
3 1833 1913 1834
3 1913 1914 1834
3 1834 1914 1915
3 1834 1915 1835
3 1835 1915 1836
3 1915 1916 1836
3 1836 1916 1837
3 1916 1917 1837
3 1837 1917 1838
3 1917 1918 1838
3 1838 1918 1839
3 1918 1919 1839
3 1839 1919 1840
3 1919 1920 1840
3 1840 1920 1761
3 1920 1841 1761
3 1841 1921 1842
3 1921 1922 1842
3 1842 1922 1923
3 1842 1923 1843
3 1843 1923 1844
3 1923 1924 1844
3 1844 1924 1845
3 1924 1925 1845
3 1845 1925 1926
3 1845 1926 1846
3 1846 1926 1847
3 1926 1927 1847
3 1847 1927 1848
3 1927 1928 1848
3 1848 1928 1849
3 1928 1929 1849
3 1849 1929 1930
3 1849 1930 1850
3 1850 1930 1931
3 1850 1931 1851
3 1851 1931 1932
3 1851 1932 1852
3 1852 1932 1933
3 1852 1933 1853
3 1853 1933 1934
3 1853 1934 1854
3 1854 1934 1935
3 1854 1935 1855
3 1855 1935 1936
3 1855 1936 1856
3 1856 1936 1857
3 1936 1937 1857
3 1857 1937 1938
3 1857 1938 1858
3 1858 1938 1939
3 1858 1939 1859
3 1859 1939 1860
3 1939 1940 1860
3 1860 1940 1941
3 1860 1941 1861
3 1861 1941 1942
3 1861 1942 1862
3 1862 1942 1943
3 1862 1943 1863
3 1863 1943 1864
3 1943 1944 1864
3 1864 1944 1865
3 1944 1945 1865
3 1865 1945 1866
3 1945 1946 1866
3 1866 1946 1867
3 1946 1947 1867
3 1867 1947 1868
3 1947 1948 1868
3 1868 1948 1949
3 1868 1949 1869
3 1869 1949 1870
3 1949 1950 1870
3 1870 1950 1951
3 1870 1951 1871
3 1871 1951 1952
3 1871 1952 1872
3 1872 1952 1953
3 1872 1953 1873
3 1873 1953 1954
3 1873 1954 1874
3 1874 1954 1875
3 1954 1955 1875
3 1875 1955 1876
3 1955 1956 1876
3 1876 1956 1877
3 1956 1957 1877
3 1877 1957 1878
3 1957 1958 1878
3 1878 1958 1879
3 1958 1959 1879
3 1879 1959 1960
3 1879 1960 1880
3 1880 1960 1961
3 1880 1961 1881
3 1881 1961 1882
3 1961 1962 1882
3 1882 1962 1883
3 1962 1963 1883
3 1883 1963 1884
3 1963 1964 1884
3 1884 1964 1885
3 1964 1965 1885
3 1885 1965 1966
3 1885 1966 1886
3 1886 1966 1887
3 1966 1967 1887
3 1887 1967 1888
3 1967 1968 1888
3 1888 1968 1889
3 1968 1969 1889
3 1889 1969 1890
3 1969 1970 1890
3 1890 1970 1891
3 1970 1971 1891
3 1891 1971 1892
3 1971 1972 1892
3 1892 1972 1893
3 1972 1973 1893
3 1893 1973 1974
3 1893 1974 1894
3 1894 1974 1895
3 1974 1975 1895
3 1895 1975 1896
3 1975 1976 1896
3 1896 1976 1897
3 1976 1977 1897
3 1897 1977 1898
3 1977 1978 1898
3 1898 1978 1899
3 1978 1979 1899
3 1899 1979 1980
3 1899 1980 1900
3 1900 1980 1981
3 1900 1981 1901
3 1901 1981 1902
3 1981 1982 1902
3 1902 1982 1983
3 1902 1983 1903
3 1903 1983 1984
3 1903 1984 1904
3 1904 1984 1985
3 1904 1985 1905
3 1905 1985 1906
3 1985 1986 1906
3 1906 1986 1987
3 1906 1987 1907
3 1907 1987 1988
3 1907 1988 1908
3 1908 1988 1989
3 1908 1989 1909
3 1909 1989 1990
3 1909 1990 1910
3 1910 1990 1991
3 1910 1991 1911
3 1911 1991 1992
3 1911 1992 1912
3 1912 1992 1993
3 1912 1993 1913
3 1913 1993 1914
3 1993 1994 1914
3 1914 1994 1995
3 1914 1995 1915
3 1915 1995 1916
3 1995 1996 1916
3 1916 1996 1917
3 1996 1997 1917
3 1917 1997 1918
3 1997 1998 1918
3 1918 1998 1919
3 1998 1999 1919
3 1919 1999 1920
3 1999 2000 1920
3 1920 2000 1841
3 2000 1921 1841
3 1921 2001 1922
3 2001 2002 1922
3 1922 2002 1923
3 2002 2003 1923
3 1923 2003 1924
3 2003 2004 1924
3 1924 2004 2005
3 1924 2005 1925
3 1925 2005 1926
3 2005 2006 1926
3 1926 2006 2007
3 1926 2007 1927
3 1927 2007 2008
3 1927 2008 1928
3 1928 2008 1929
3 2008 2009 1929
3 1929 2009 2010
3 1929 2010 1930
3 1930 2010 2011
3 1930 2011 1931
3 1931 2011 2012
3 1931 2012 1932
3 1932 2012 2013
3 1932 2013 1933
3 1933 2013 2014
3 1933 2014 1934
3 1934 2014 2015
3 1934 2015 1935
3 1935 2015 2016
3 1935 2016 1936
3 1936 2016 1937
3 2016 2017 1937
3 1937 2017 2018
3 1937 2018 1938
3 1938 2018 2019
3 1938 2019 1939
3 1939 2019 1940
3 2019 2020 1940
3 1940 2020 2021
3 1940 2021 1941
3 1941 2021 2022
3 1941 2022 1942
3 1942 2022 2023
3 1942 2023 1943
3 1943 2023 1944
3 2023 2024 1944
3 1944 2024 1945
3 2024 2025 1945
3 1945 2025 1946
3 2025 2026 1946
3 1946 2026 1947
3 2026 2027 1947
3 1947 2027 2028
3 1947 2028 1948
3 1948 2028 2029
3 1948 2029 1949
3 1949 2029 1950
3 2029 2030 1950
3 1950 2030 2031
3 1950 2031 1951
3 1951 2031 2032
3 1951 2032 1952
3 1952 2032 2033
3 1952 2033 1953
3 1953 2033 1954
3 2033 2034 1954
3 1954 2034 1955
3 2034 2035 1955
3 1955 2035 1956
3 2035 2036 1956
3 1956 2036 1957
3 2036 2037 1957
3 1957 2037 1958
3 2037 2038 1958
3 1958 2038 1959
3 2038 2039 1959
3 1959 2039 2040
3 1959 2040 1960
3 1960 2040 1961
3 2040 2041 1961
3 1961 2041 1962
3 2041 2042 1962
3 1962 2042 1963
3 2042 2043 1963
3 1963 2043 1964
3 2043 2044 1964
3 1964 2044 1965
3 2044 2045 1965
3 1965 2045 2046
3 1965 2046 1966
3 1966 2046 1967
3 2046 2047 1967
3 1967 2047 1968
3 2047 2048 1968
3 1968 2048 1969
3 2048 2049 1969
3 1969 2049 1970
3 2049 2050 1970
3 1970 2050 1971
3 2050 2051 1971
3 1971 2051 1972
3 2051 2052 1972
3 1972 2052 1973
3 2052 2053 1973
3 1973 2053 2054
3 1973 2054 1974
3 1974 2054 1975
3 2054 2055 1975
3 1975 2055 2056
3 1975 2056 1976
3 1976 2056 1977
3 2056 2057 1977
3 1977 2057 1978
3 2057 2058 1978
3 1978 2058 1979
3 2058 2059 1979
3 1979 2059 2060
3 1979 2060 1980
3 1980 2060 1981
3 2060 2061 1981
3 1981 2061 1982
3 2061 2062 1982
3 1982 2062 1983
3 2062 2063 1983
3 1983 2063 2064
3 1983 2064 1984
3 1984 2064 2065
3 1984 2065 1985
3 1985 2065 1986
3 2065 2066 1986
3 1986 2066 2067
3 1986 2067 1987
3 1987 2067 2068
3 1987 2068 1988
3 1988 2068 2069
3 1988 2069 1989
3 1989 2069 2070
3 1989 2070 1990
3 1990 2070 2071
3 1990 2071 1991
3 1991 2071 2072
3 1991 2072 1992
3 1992 2072 2073
3 1992 2073 1993
3 1993 2073 1994
3 2073 2074 1994
3 1994 2074 2075
3 1994 2075 1995
3 1995 2075 1996
3 2075 2076 1996
3 1996 2076 1997
3 2076 2077 1997
3 1997 2077 1998
3 2077 2078 1998
3 1998 2078 1999
3 2078 2079 1999
3 1999 2079 2000
3 2079 2080 2000
3 2000 2080 1921
3 2080 2001 1921
3 2001 2081 2002
3 2081 2082 2002
3 2002 2082 2083
3 2002 2083 2003
3 2003 2083 2004
3 2083 2084 2004
3 2004 2084 2085
3 2004 2085 2005
3 2005 2085 2006
3 2085 2086 2006
3 2006 2086 2087
3 2006 2087 2007
3 2007 2087 2088
3 2007 2088 2008
3 2008 2088 2009
3 2088 2089 2009
3 2009 2089 2090
3 2009 2090 2010
3 2010 2090 2091
3 2010 2091 2011
3 2011 2091 2092
3 2011 2092 2012
3 2012 2092 2013
3 2092 2093 2013
3 2013 2093 2094
3 2013 2094 2014
3 2014 2094 2095
3 2014 2095 2015
3 2015 2095 2016
3 2095 2096 2016
3 2016 2096 2017
3 2096 2097 2017
3 2017 2097 2098
3 2017 2098 2018
3 2018 2098 2099
3 2018 2099 2019
3 2019 2099 2100
3 2019 2100 2020
3 2020 2100 2021
3 2100 2101 2021
3 2021 2101 2102
3 2021 2102 2022
3 2022 2102 2023
3 2102 2103 2023
3 2023 2103 2024
3 2103 2104 2024
3 2024 2104 2025
3 2104 2105 2025
3 2025 2105 2026
3 2105 2106 2026
3 2026 2106 2027
3 2106 2107 2027
3 2027 2107 2108
3 2027 2108 2028
3 2028 2108 2029
3 2108 2109 2029
3 2029 2109 2030
3 2109 2110 2030
3 2030 2110 2031
3 2110 2111 2031
3 2031 2111 2112
3 2031 2112 2032
3 2032 2112 2113
3 2032 2113 2033
3 2033 2113 2034
3 2113 2114 2034
3 2034 2114 2035
3 2114 2115 2035
3 2035 2115 2036
3 2115 2116 2036
3 2036 2116 2037
3 2116 2117 2037
3 2037 2117 2038
3 2117 2118 2038
3 2038 2118 2039
3 2118 2119 2039
3 2039 2119 2120
3 2039 2120 2040
3 2040 2120 2121
3 2040 2121 2041
3 2041 2121 2042
3 2121 2122 2042
3 2042 2122 2043
3 2122 2123 2043
3 2043 2123 2044
3 2123 2124 2044
3 2044 2124 2125
3 2044 2125 2045
3 2045 2125 2046
3 2125 2126 2046
3 2046 2126 2047
3 2126 2127 2047
3 2047 2127 2048
3 2127 2128 2048
3 2048 2128 2049
3 2128 2129 2049
3 2049 2129 2050
3 2129 2130 2050
3 2050 2130 2051
3 2130 2131 2051
3 2051 2131 2052
3 2131 2132 2052
3 2052 2132 2053
3 2132 2133 2053
3 2053 2133 2134
3 2053 2134 2054
3 2054 2134 2055
3 2134 2135 2055
3 2055 2135 2136
3 2055 2136 2056
3 2056 2136 2137
3 2056 2137 2057
3 2057 2137 2058
3 2137 2138 2058
3 2058 2138 2059
3 2138 2139 2059
3 2059 2139 2060
3 2139 2140 2060
3 2060 2140 2141
3 2060 2141 2061
3 2061 2141 2142
3 2061 2142 2062
3 2062 2142 2063
3 2142 2143 2063
3 2063 2143 2144
3 2063 2144 2064
3 2064 2144 2145
3 2064 2145 2065
3 2065 2145 2066
3 2145 2146 2066
3 2066 2146 2147
3 2066 2147 2067
3 2067 2147 2148
3 2067 2148 2068
3 2068 2148 2069
3 2148 2149 2069
3 2069 2149 2150
3 2069 2150 2070
3 2070 2150 2151
3 2070 2151 2071
3 2071 2151 2152
3 2071 2152 2072
3 2072 2152 2153
3 2072 2153 2073
3 2073 2153 2074
3 2153 2154 2074
3 2074 2154 2155
3 2074 2155 2075
3 2075 2155 2076
3 2155 2156 2076
3 2076 2156 2157
3 2076 2157 2077
3 2077 2157 2078
3 2157 2158 2078
3 2078 2158 2079
3 2158 2159 2079
3 2079 2159 2080
3 2159 2160 2080
3 2080 2160 2081
3 2080 2081 2001
3 2081 2161 2082
3 2161 2162 2082
3 2082 2162 2163
3 2082 2163 2083
3 2083 2163 2084
3 2163 2164 2084
3 2084 2164 2085
3 2164 2165 2085
3 2085 2165 2166
3 2085 2166 2086
3 2086 2166 2167
3 2086 2167 2087
3 2087 2167 2088
3 2167 2168 2088
3 2088 2168 2089
3 2168 2169 2089
3 2089 2169 2090
3 2169 2170 2090
3 2090 2170 2171
3 2090 2171 2091
3 2091 2171 2092
3 2171 2172 2092
3 2092 2172 2173
3 2092 2173 2093
3 2093 2173 2174
3 2093 2174 2094
3 2094 2174 2175
3 2094 2175 2095
3 2095 2175 2176
3 2095 2176 2096
3 2096 2176 2097
3 2176 2177 2097
3 2097 2177 2178
3 2097 2178 2098
3 2098 2178 2179
3 2098 2179 2099
3 2099 2179 2180
3 2099 2180 2100
3 2100 2180 2181
3 2100 2181 2101
3 2101 2181 2102
3 2181 2182 2102
3 2102 2182 2103
3 2182 2183 2103
3 2103 2183 2104
3 2183 2184 2104
3 2104 2184 2185
3 2104 2185 2105
3 2105 2185 2106
3 2185 2186 2106
3 2106 2186 2187
3 2106 2187 2107
3 2107 2187 2188
3 2107 2188 2108
3 2108 2188 2109
3 2188 2189 2109
3 2109 2189 2110
3 2189 2190 2110
3 2110 2190 2191
3 2110 2191 2111
3 2111 2191 2192
3 2111 2192 2112
3 2112 2192 2113
3 2192 2193 2113
3 2113 2193 2114
3 2193 2194 2114
3 2114 2194 2115
3 2194 2195 2115
3 2115 2195 2116
3 2195 2196 2116
3 2116 2196 2117
3 2196 2197 2117
3 2117 2197 2118
3 2197 2198 2118
3 2118 2198 2119
3 2198 2199 2119
3 2119 2199 2200
3 2119 2200 2120
3 2120 2200 2201
3 2120 2201 2121
3 2121 2201 2122
3 2201 2202 2122
3 2122 2202 2123
3 2202 2203 2123
3 2123 2203 2124
3 2203 2204 2124
3 2124 2204 2205
3 2124 2205 2125
3 2125 2205 2126
3 2205 2206 2126
3 2126 2206 2127
3 2206 2207 2127
3 2127 2207 2128
3 2207 2208 2128
3 2128 2208 2129
3 2208 2209 2129
3 2129 2209 2130
3 2209 2210 2130
3 2130 2210 2131
3 2210 2211 2131
3 2131 2211 2132
3 2211 2212 2132
3 2132 2212 2133
3 2212 2213 2133
3 2133 2213 2134
3 2213 2214 2134
3 2134 2214 2135
3 2214 2215 2135
3 2135 2215 2136
3 2215 2216 2136
3 2136 2216 2137
3 2216 2217 2137
3 2137 2217 2138
3 2217 2218 2138
3 2138 2218 2139
3 2218 2219 2139
3 2139 2219 2140
3 2219 2220 2140
3 2140 2220 2221
3 2140 2221 2141
3 2141 2221 2142
3 2221 2222 2142
3 2142 2222 2143
3 2222 2223 2143
3 2143 2223 2224
3 2143 2224 2144
3 2144 2224 2225
3 2144 2225 2145
3 2145 2225 2146
3 2225 2226 2146
3 2146 2226 2227
3 2146 2227 2147
3 2147 2227 2148
3 2227 2228 2148
3 2148 2228 2149
3 2228 2229 2149
3 2149 2229 2230
3 2149 2230 2150
3 2150 2230 2231
3 2150 2231 2151
3 2151 2231 2152
3 2231 2232 2152
3 2152 2232 2233
3 2152 2233 2153
3 2153 2233 2154
3 2233 2234 2154
3 2154 2234 2235
3 2154 2235 2155
3 2155 2235 2156
3 2235 2236 2156
3 2156 2236 2157
3 2236 2237 2157
3 2157 2237 2238
3 2157 2238 2158
3 2158 2238 2159
3 2238 2239 2159
3 2159 2239 2160
3 2239 2240 2160
3 2160 2240 2161
3 2160 2161 2081
3 2161 2241 2162
3 2241 2242 2162
3 2162 2242 2243
3 2162 2243 2163
3 2163 2243 2164
3 2243 2244 2164
3 2164 2244 2165
3 2244 2245 2165
3 2165 2245 2246
3 2165 2246 2166
3 2166 2246 2167
3 2246 2247 2167
3 2167 2247 2248
3 2167 2248 2168
3 2168 2248 2169
3 2248 2249 2169
3 2169 2249 2170
3 2249 2250 2170
3 2170 2250 2251
3 2170 2251 2171
3 2171 2251 2172
3 2251 2252 2172
3 2172 2252 2173
3 2252 2253 2173
3 2173 2253 2254
3 2173 2254 2174
3 2174 2254 2255
3 2174 2255 2175
3 2175 2255 2256
3 2175 2256 2176
3 2176 2256 2177
3 2256 2257 2177
3 2177 2257 2258
3 2177 2258 2178
3 2178 2258 2259
3 2178 2259 2179
3 2179 2259 2260
3 2179 2260 2180
3 2180 2260 2261
3 2180 2261 2181
3 2181 2261 2182
3 2261 2262 2182
3 2182 2262 2183
3 2262 2263 2183
3 2183 2263 2184
3 2263 2264 2184
3 2184 2264 2185
3 2264 2265 2185
3 2185 2265 2266
3 2185 2266 2186
3 2186 2266 2187
3 2266 2267 2187
3 2187 2267 2268
3 2187 2268 2188
3 2188 2268 2189
3 2268 2269 2189
3 2189 2269 2190
3 2269 2270 2190
3 2190 2270 2191
3 2270 2271 2191
3 2191 2271 2272
3 2191 2272 2192
3 2192 2272 2193
3 2272 2273 2193
3 2193 2273 2194
3 2273 2274 2194
3 2194 2274 2195
3 2274 2275 2195
3 2195 2275 2196
3 2275 2276 2196
3 2196 2276 2197
3 2276 2277 2197
3 2197 2277 2278
3 2197 2278 2198
3 2198 2278 2199
3 2278 2279 2199
3 2199 2279 2280
3 2199 2280 2200
3 2200 2280 2201
3 2280 2281 2201
3 2201 2281 2202
3 2281 2282 2202
3 2202 2282 2203
3 2282 2283 2203
3 2203 2283 2204
3 2283 2284 2204
3 2204 2284 2205
3 2284 2285 2205
3 2205 2285 2206
3 2285 2286 2206
3 2206 2286 2207
3 2286 2287 2207
3 2207 2287 2208
3 2287 2288 2208
3 2208 2288 2209
3 2288 2289 2209
3 2209 2289 2210
3 2289 2290 2210
3 2210 2290 2211
3 2290 2291 2211
3 2211 2291 2212
3 2291 2292 2212
3 2212 2292 2213
3 2292 2293 2213
3 2213 2293 2294
3 2213 2294 2214
3 2214 2294 2215
3 2294 2295 2215
3 2215 2295 2216
3 2295 2296 2216
3 2216 2296 2217
3 2296 2297 2217
3 2217 2297 2218
3 2297 2298 2218
3 2218 2298 2219
3 2298 2299 2219
3 2219 2299 2220
3 2299 2300 2220
3 2220 2300 2221
3 2300 2301 2221
3 2221 2301 2222
3 2301 2302 2222
3 2222 2302 2223
3 2302 2303 2223
3 2223 2303 2304
3 2223 2304 2224
3 2224 2304 2305
3 2224 2305 2225
3 2225 2305 2306
3 2225 2306 2226
3 2226 2306 2307
3 2226 2307 2227
3 2227 2307 2228
3 2307 2308 2228
3 2228 2308 2229
3 2308 2309 2229
3 2229 2309 2310
3 2229 2310 2230
3 2230 2310 2311
3 2230 2311 2231
3 2231 2311 2232
3 2311 2312 2232
3 2232 2312 2313
3 2232 2313 2233
3 2233 2313 2234
3 2313 2314 2234
3 2234 2314 2235
3 2314 2315 2235
3 2235 2315 2236
3 2315 2316 2236
3 2236 2316 2237
3 2316 2317 2237
3 2237 2317 2318
3 2237 2318 2238
3 2238 2318 2239
3 2318 2319 2239
3 2239 2319 2240
3 2319 2320 2240
3 2240 2320 2161
3 2320 2241 2161
3 2321 2242 2241
3 2321 2243 2242
3 2321 2244 2243
3 2321 2245 2244
3 2321 2246 2245
3 2321 2247 2246
3 2321 2248 2247
3 2321 2249 2248
3 2321 2250 2249
3 2321 2251 2250
3 2321 2252 2251
3 2321 2253 2252
3 2321 2254 2253
3 2321 2255 2254
3 2321 2256 2255
3 2321 2257 2256
3 2321 2258 2257
3 2321 2259 2258
3 2321 2260 2259
3 2321 2261 2260
3 2321 2262 2261
3 2321 2263 2262
3 2321 2264 2263
3 2321 2265 2264
3 2321 2266 2265
3 2321 2267 2266
3 2321 2268 2267
3 2321 2269 2268
3 2321 2270 2269
3 2321 2271 2270
3 2321 2272 2271
3 2321 2273 2272
3 2321 2274 2273
3 2321 2275 2274
3 2321 2276 2275
3 2321 2277 2276
3 2321 2278 2277
3 2321 2279 2278
3 2321 2280 2279
3 2321 2281 2280
3 2321 2282 2281
3 2321 2283 2282
3 2321 2284 2283
3 2321 2285 2284
3 2321 2286 2285
3 2321 2287 2286
3 2321 2288 2287
3 2321 2289 2288
3 2321 2290 2289
3 2321 2291 2290
3 2321 2292 2291
3 2321 2293 2292
3 2321 2294 2293
3 2321 2295 2294
3 2321 2296 2295
3 2321 2297 2296
3 2321 2298 2297
3 2321 2299 2298
3 2321 2300 2299
3 2321 2301 2300
3 2321 2302 2301
3 2321 2303 2302
3 2321 2304 2303
3 2321 2305 2304
3 2321 2306 2305
3 2321 2307 2306
3 2321 2308 2307
3 2321 2309 2308
3 2321 2310 2309
3 2321 2311 2310
3 2321 2312 2311
3 2321 2313 2312
3 2321 2314 2313
3 2321 2315 2314
3 2321 2316 2315
3 2321 2317 2316
3 2321 2318 2317
3 2321 2319 2318
3 2321 2320 2319
3 2321 2241 2320
